  3197  1302  1194
  3198  1195  1303
  3199  1304  1196
  1264  3078  482
  530  1195  3198
  529  3197  1194
  531  3199  1196
  3078  1181  482
  1221  3115  1594
  243  1896  938
  2945  1395  577
  3021  1266  1333
  472  1266  3021
  1271  1395  2945
  3331  1410  606
  2804  243  938
  3115  475  1594
  2664  1371  494
  1154  1371  2664
  248  1020  2305
  250  2306  1021
  249  1022  2307
  251  2308  1023
  1257  1410  3331
  2473  1600  1318
  2642  339  1666
  1123  2501  1558
  728  2473  1318
  2501  756  1558
  2194  1722  585
  2195  1724  586
  2590  457  1484
  2592  458  1485
  3210  1320  1602
  3211  1322  1604
  3042  1961  1092
  1175  2590  1484
  1176  2592  1485
  1065  1722  2194
  1066  1724  2195
  2967  997  400
  2968  998  401
  1128  2642  1666
  400  997  1690
  401  998  1692
  882  1433  1885
  408  1885  1433
  273  1263  2163
  3033  1020  248
  3034  250  1021
  3035  1022  249
  3036  251  1023
  471  2249  1958
  794  1132  2454
  1503  314  2622
  2406  1281  1860
  2407  1861  1282
  2405  1858  1279
  393  1853  1383
  509  2482  1353
  509  2111  2482
  593  1731  1064
  632  1880  1071
  224  1071  1880
  202  1259  1733
  708  1733  1259
  271  3284  2519
  290  1194  1302
  292  1303  1195
  293  1196  1304
  395  1891  1278
  1958  2249  3345
  2622  314  1334
  1121  2273  3075
  1120  2272  3072
  271  2519  1255
  1169  1484  2686
  1170  1485  2687
  495  1122  1826
  677  1025  1538
  500  1552  1072
  588  1042  1732
  674  1802  1530
  1466  2191  3082
  1467  2192  3083
  273  2163  1372
  500  3042  1092
  725  2416  1286
  597  1873  1497
  2686  1484  457
  2687  1485  458
  521  1287  1267
  569  1267  1287
  522  1288  1268
  570  1268  1288
  801  1688  1154
  43  1546  2661
  190  2662  1547
  141  2659  1544
  92  1545  2660
  414  1985  1013
  415  1014  1987
  416  1989  1015
  417  1016  1991
  732  2191  1466
  733  2192  1467
  2584  273  1489
  310  1517  1029
  2995  1965  1144
  2996  1966  1145
  158  1439  159
  11  12  1438
  46  47  1444
  193  1445  194
  144  1442  145
  95  96  1443
  109  1440  110
  60  61  1441
  599  2119  1069
  1504  2214  2184
  235  1504  2184
  604  1478  1616
  1383  1853  2032
  644  1205  1857
  1126  2584  1489
  1154  1688  2250
  984  1827  1687
  405  1687  1827
  712  1281  2406
  710  2405  1279
  713  2407  1282
  1024  2427  2619
  578  1410  1257
  633  1418  1070
  510  2106  1335
  1286  2416  1424
  314  1301  2797
  1103  2684  1682
  603  1682  2684
  314  2797  1334
  876  1971  1660
  878  1662  1973
  879  1974  1663
  877  1661  1972
  573  1356  1617
  603  1599  1380
  1117  1490  2437
  2694  2180  795
  2696  797  2182
  2695  2181  796
  2697  798  2183
  853  2502  1156
  266  1156  2502
  3177  414  1013
  3178  1014  415
  3179  416  1015
  3180  1016  417
  806  1320  3210
  808  1322  3211
  677  3354  1025
  1352  1622  3401
  1081  2806  2035
  510  1335  1345
  599  1345  1335
  12  2258  1438
  159  1439  2259
  46  1444  2262
  193  2263  1445
  144  2260  1442
  95  1443  2261
  110  1440  2256
  61  2257  1441
  637  1261  2014
  502  1642  1157
  500  1092  1552
  506  1329  1142
  508  1143  1330
  511  1334  1141
  508  1299  1728
  327  1766  1061
  1592  2426  3039
  1132  2719  2454
  594  1498  1069
  299  2554  1099
  298  2555  1098
  642  1172  1730
  394  1730  1172
  3236  2127  1088
  3237  1089  2128
  3238  2129  1090
  190  1547  191
  43  44  1546
  141  1544  142
  92  93  1545
  1117  2897  1490
  510  1618  2106
  553  1627  1126
  460  2676  1075
  217  3352  1092
  749  1980  1310
  2738  1789  629
  2739  1790  630
  1539  2239  2189
  941  2643  2296
  599  1069  2567
  236  1539  2189
  1081  2035  2352
  3367  2669  1067
  3368  2670  1068
  1128  1700  2715
  941  2296  2596
  824  1880  1417
  632  1417  1880
  741  1781  1854
  574  1292  2581
  1006  2581  1292
  575  2582  1293
  1007  1293  2582
  576  1294  2583
  1008  2583  1294
  300  1550  1062
  301  1551  1063
  1139  1889  2607
  1140  2608  1890
  1138  1888  2606
  1137  2605  1887
  1120  1392  2272
  1121  1393  2273
  310  1029  1717
  396  1897  1290
  553  1490  2897
  625  1298  1364
  504  2816  3077
  503  2815  3076
  178  1160  179
  31  32  1159
  129  1161  130
  80  81  1162
  628  1365  1301
  588  2508  1042
  1069  1363  2621
  214  2621  1363
  1261  1699  2014
  476  1804  2382
  810  2995  1144
  811  2996  1145
  517  3236  1088
  518  1089  3237
  520  3238  1090
  1478  2447  1616
  572  2426  1592
  1278  1891  2077
  394  1172  2216
  312  1330  1354
  299  1120  2554
  298  1121  2555
  1548  626  3244
  327  1061  1558
  471  1265  1332
  1518  2669  3367
  1519  2670  3368
  360  1660  1971
  361  1973  1662
  363  1663  1974
  362  1972  1661
  674  1063  2924
  594  1295  1296
  505  1296  1295
  906  2744  2241
  2019  1760  579
  1047  1760  2019
  655  1833  1243
  504  2947  2816
  503  2946  2815
  880  1908  2654
  1191  2685  1669
  721  1553  1462
  548  1462  1553
  1556  627  3233
  2921  1565  445
  616  1696  1409
  499  1101  2519
  1380  1599  2510
  300  1062  2385
  301  1063  2386
  1224  2912  1889
  1225  1890  2913
  1222  1887  2910
  1223  2911  1888
  299  1392  1120
  298  1393  1121
  1144  1789  2738
  1145  1790  2739
  320  1072  1552
  202  2297  1260
  278  2127  2061
  279  2062  2128
  281  2129  2063
  1314  2180  2694
  1315  2696  2182
  1316  2181  2695
  1317  2697  2183
  1372  3256  2253
  595  1081  1483
  497  2448  1398
  432  3216  1081
  1413  2919  2657
  381  1310  1980
  737  1391  1942
  294  1722  1065
  296  1724  1066
  1398  2448  3340
  709  2171  1950
  2715  1700  435
  593  1310  1248
  381  1248  1310
  1533  2320  2091
  1531  2093  2319
  1164  1565  2921
  598  1596  1377
  688  1377  1596
  1210  2098  3017
  259  1405  1230
  590  1230  1405
  422  2437  1490
  592  2235  1557
  668  1058  1652
  669  1059  1653
  3401  1622  506
  604  1128  1666
  530  1413  2657
  2628  1651  323
  1222  1651  2628
  2629  324  1652
  2630  325  1653
  1224  2630  1653
  1223  2629  1652
  2631  1654  326
  1225  1654  2631
  283  1142  1515
  285  1143  1516
  580  1468  2008
  499  2471  1399
  215  1469  1125
  554  1125  1469
  711  1280  1859
  273  1372  2253
  554  1503  1125
  2685  800  1669
  284  1141  1535
  310  1637  1264
  1399  2471  3341
  1207  2998  2095
  1208  2096  2999
  1209  3000  2097
  242  1064  3003
  3317  2212  904
  2607  1889  452
  2608  453  1890
  2605  450  1887
  2606  1888  451
  706  1533  2091
  704  2093  1531
  3244  626  1299
  870  1798  2718
  240  2322  2445
  644  1728  1205
  229  1205  1728
  511  2518  2650
  427  2594  1157
  854  1157  2594
  1320  3290  1602
  1321  1603  3291
  1322  3292  1604
  1323  1605  3293
  511  1141  2518
  803  1332  1265
  804  1333  1266
  3233  627  1300
  463  3075  2273
  464  1570  2191
  1027  2191  1570
  467  1571  2192
  1028  2192  1571
  462  3072  2272
  302  1097  1549
  2155  2683  373
  316  2669  1518
  317  2670  1519
  1260  2297  3158
  311  1364  1329
  497  1100  2573
  709  1358  2171
  297  1111  2743
  3069  1166  1954
  3070  1955  1167
  3071  1168  1956
  276  2126  2514
  981  2768  1670
  240  2445  1600
  668  3347  1058
  669  3348  1059
  347  1906  1351
  940  1351  1906
  2683  1267  373
  832  2679  2356
  834  2680  2357
  592  1565  1164
  242  1799  1064
  593  1064  1799
  316  1982  1147
  317  1983  1149
  674  2254  1063
  267  2075  1228
  1011  3345  2249
  1827  3164  2350
  632  1071  2090
  509  2131  2111
  638  1367  2366
  639  1368  2367
  654  1242  1703
  656  1704  1244
  657  1245  1705
  1422  2656  2970
  473  1172  2546
  642  1385  1172
  1409  1696  2497
  896  1166  3069
  897  3070  1167
  898  1168  3071
  511  2122  1125
  891  2514  1747
  892  1748  2515
  893  2516  1749
  894  1750  2517
  474  1593  1220
  580  2008  1573
  719  1421  1236
  1024  2619  1226
  266  1181  1632
  553  1126  1489
  594  1069  2621
  1874  2488  737
  556  1098  1518
  557  1099  1519
  738  1702  1407
  322  1407  1702
  1057  2196  1651
  1060  2197  1654
  667  1651  2196
  670  1654  2197
  830  1951  1409
  246  1409  1951
  592  1636  2235
  1228  2075  3371
  533  2607  2726
  534  2606  2727
  432  1081  2352
  763  2594  2028
  926  1827  2350
  1181  3078  1632
  1076  2654  1908
  464  2539  1133
  465  1134  2540
  467  2541  1136
  509  2868  2131
  847  1962  2211
  1087  2514  2126
  1027  1837  3082
  1028  1838  3083
  231  2012  1566
  232  2013  1567
  715  2624  1197
  716  1198  2625
  717  1199  2626
  718  2627  1200
  1207  1602  3014
  1208  3015  1603
  1209  1604  3016
  638  2366  1757
  639  2367  1758
  607  1632  3078
  1143  2131  2868
  714  1412  1240
  481  1765  2275
  266  1632  1324
  738  1324  1632
  1027  3091  1837
  1028  3092  1838
  731  1905  1158
  779  2333  1153
  1103  1682  2892
  832  1451  2679
  834  1453  2680
  1148  3077  2816
  1146  3076  2815
  294  1065  1881
  296  1066  1882
  522  1268  2022
  2488  1391  737
  529  2656  1422
  217  1510  3352
  2912  452  1889
  2913  1890  453
  2910  1887  450
  2911  451  1888
  247  2035  2806
  540  2617  2925
  1163  2519  3284
  720  1780  1469
  1566  2012  3161
  1567  2013  3162
  1210  3001  1605
  1202  2960  2061
  1203  2062  2961
  1204  2962  2063
  403  1697  1818
  910  1818  1697
  3290  483  1602
  3291  1603  484
  3292  485  1604
  3293  1605  486
  1356  2084  1617
  3017  2098  280
  633  1070  2775
  633  1376  1418
  261  1418  1376
  926  1418  2353
  418  2619  2427
  941  1840  2643
  226  1851  1734
  967  1734  1851
  581  1436  1690
  582  1437  1692
  3014  1602  483
  3015  484  1603
  3016  1604  485
  895  3052  1165
  678  1392  1844
  679  1393  1845
  644  1857  1575
  2998  274  2095
  2999  2096  275
  3000  277  2097
  224  1915  1071
  435  1700  1832
  3044  2017  308
  748  3371  2075
  522  2022  1297
  368  1942  1391
  3046  2076  1180
  517  1088  2316
  518  2317  1089
  520  1090  2318
  625  1364  1634
  461  1074  1879
  977  1894  2728
  320  1900  1072
  3001  486  1605
  500  1072  2163
  871  3046  1180
  461  2682  1074
  297  1227  2750
  980  2750  1227
  460  1075  1874
  1290  1897  2238
  882  1811  1433
  883  1812  1434
  570  2614  1941
  602  1396  1810
  617  1568  2276
  348  2150  1944
  350  1946  2152
  370  2759  2156
  372  2760  2158
  287  1863  1114
  288  1864  1115
  328  2117  2341
  331  2118  2344
  288  1115  1643
  640  1716  1220
  226  1220  1716
  508  1728  1994
  502  1157  2107
  617  2276  1822
  532  2597  2605
  535  2600  2608
  311  1329  1622
  1255  2519  3314
  658  2741  1169
  659  2742  1170
  532  2605  1137
  533  1139  2607
  534  1138  2606
  535  2608  1140
  502  1350  1642
  462  1373  2723
  595  2806  1081
  548  1201  1462
  549  1463  1202
  550  1203  1464
  551  1465  1204
  651  2243  1285
  211  1151  2434
  777  2434  1151
  212  2435  1152
  778  1152  2435
  328  1381  2117
  331  1382  2118
  734  1450  1668
  1615  3147  2060
  495  1826  2728
  596  1818  2354
  540  2925  1311
  544  1276  1613
  546  1277  1614
  313  1357  1420
  613  1420  1357
  2960  278  2061
  2961  2062  279
  2962  281  2063
  439  2309  1403
  440  1404  2310
  441  1401  2311
  442  2312  1402
  1513  2475  2956
  1514  2476  2957
  27  1901  1250
  174  1251  1902
  125  1252  1903
  76  1904  1253
  570  1530  2614
  1084  2727  2606
  1085  2726  2607
  623  2731  1167
  897  1167  2731
  263  1795  1649
  867  1649  1795
  507  1727  2347
  2870  1383  2040
  298  1098  1793
  299  1099  1792
  786  1715  1163
  227  1686  1804
  890  1804  1686
  234  1713  1613
  806  1613  1713
  237  1714  1614
  808  1614  1714
  3390  2264  1262
  205  1765  2227
  523  1858  1242
  524  1243  1859
  525  1244  1860
  526  1861  1245
  776  2203  1150
  777  1151  2204
  778  2205  1152
  470  1127  2672
  1043  2366  1723
  1044  2367  1725
  255  1740  1137
  254  1139  1739
  256  1138  1741
  257  1742  1140
  244  1840  1394
  746  1394  1840
  294  1931  1108
  296  1932  1110
  559  1175  1484
  560  1176  1485
  924  3154  1187
  925  3155  1188
  593  1612  1731
  813  1731  1612
  515  2126  1658
  603  1450  1682
  734  1682  1450
  906  1712  2744
  398  2817  1187
  924  1187  2817
  925  1188  2818
  399  2818  1188
  439  1403  2585
  440  2588  1404
  441  2586  1401
  442  1402  2587
  261  2353  1418
  604  1700  1128
  1080  2125  271
  371  2157  2731
  831  1383  2870
  243  1429  1896
  302  2820  1097
  951  2061  2127
  952  2128  2062
  954  2063  2129
  1397  2212  3317
  622  2640  1919
  624  2641  1921
  509  1353  1354
  639  1354  1353
  541  1312  2724
  1165  3052  1936
  3314  2519  1101
  508  1516  1143
  1213  2017  3044
  507  1364  1298
  543  1633  1171
  512  1301  1365
  1609  3131  2096
  303  1395  1271
  622  1166  2759
  896  2759  1166
  624  1168  2760
  898  2760  1168
  623  1920  2568
  1045  2565  2369
  209  1530  1802
  542  1313  1899
  1392  2689  1844
  711  2250  1688
  432  1206  2654
  880  2654  1206
  315  2892  1682
  3372  1080  271
  675  1173  1486
  676  1174  1487
  512  1535  1141
  618  2469  1697
  620  2470  1698
  1017  1841  2720
  1018  1842  2721
  473  2882  1172
  494  3013  1915
  497  3309  1100
  499  3310  1101
  1393  2708  1845
  3285  1898  702
  619  1664  2402
  523  1279  1858
  524  1859  1280
  525  1860  1281
  526  1282  1861
  3320  1413  1729
  584  1723  2366
  587  1725  2367
  788  2132  2433
  1172  2882  2216
  554  1469  1780
  621  2785  1165
  895  1165  2785
  267  2487  1155
  356  2207  1374
  359  2210  1375
  338  2489  1153
  779  1153  2489
  297  2743  1227
  941  2596  1808
  621  1918  2409
  580  1180  3282
  1243  1833  2772
  984  2227  1765
  523  1306  1479
  524  1480  1307
  525  1481  1308
  526  1309  1482
  817  2028  2410
  916  1975  1601
  375  1601  1975
  379  1611  1969
  922  1969  1611
  763  1648  2594
  414  1346  2734
  1020  2734  1346
  415  2735  1347
  1021  1347  2735
  416  1348  2736
  1022  2736  1348
  417  2737  1349
  1023  1349  2737
  507  2347  1515
  949  1658  2126
  305  1102  1886
  286  1684  1113
  289  1685  1116
  305  1344  1780
  179  1160  1577
  32  1576  1159
  130  1161  1578
  81  1579  1162
  581  1215  1436
  230  1436  1215
  582  1216  1437
  233  1437  1216
  556  1793  1098
  557  1792  1099
  305  2819  1102
  981  1670  2663
  1407  1898  3285
  254  2578  1139
  255  1137  2576
  257  1140  2579
  256  2577  1138
  459  1324  2123
  2988  2136  1272
  276  1201  3235
  608  1776  1425
  609  1426  1777
  610  1427  1778
  611  1779  1428
  922  1618  1969
  640  1969  1618
  307  1240  1412
  217  1092  1961
  1172  1385  2546
  1126  1627  1865
  972  2507  2564
  549  1624  1273
  550  1274  1625
  551  1626  1275
  541  2724  3163
  547  1272  1623
  541  2368  2421
  619  2402  1824
  812  2716  2212
  882  2983  1811
  883  2984  1812
  739  1879  1389
  470  2672  1190
  776  2433  1182
  238  1273  2005
  727  2005  1273
  239  2006  1274
  729  1274  2006
  241  1275  2007
  730  2007  1275
  541  1529  1312
  540  1311  1528
  618  1823  2469
  620  1825  2470
  885  1999  1251
  886  2000  1252
  884  1250  3073
  887  1253  3074
  1253  2001  3074
  1250  1998  3073
  1073  2650  2518
  305  1886  1386
  476  2876  1804
  785  1832  1700
  711  1859  2250
  1092  1760  1552
  308  1236  1421
  522  1297  1992
  305  1386  1344
  589  1344  1386
  592  1164  1693
  1187  3154  1881
  1188  3155  1882
  267  1228  2169
  803  1265  2343
  330  2343  1265
  804  1266  2342
  329  2342  1266
  481  3164  1765
  1153  2333  3355
  999  2169  1228
  408  2651  2255
  569  1817  1267
  547  2988  1272
  596  1913  2130
  374  1941  2388
  267  1190  2487
  907  2082  2143
  741  1854  1362
  304  1410  1319
  648  1134  2018
  465  2018  1134
  512  1819  2345
  643  1269  1435
  482  1435  1269
  1201  2060  3235
  1197  2624  1675
  1198  1676  2625
  1199  1677  2626
  1200  2627  1678
  284  1803  1289
  1171  1633  2678
  2678  1633  431
  512  2345  1535
  851  1413  3320
  298  1793  2248
  949  2060  3147
  1436  2364  1690
  1437  2365  1692
  411  2681  2094
  661  1497  1873
  848  3212  1283
  849  3213  1284
  608  1901  1197
  609  1198  1902
  610  1199  1903
  611  1904  1200
  2075  2971  748
  276  2959  1201
  747  1807  1249
  1821  208  2740
  1429  2500  1896
  374  1268  1941
  377  1916  1396
  755  1396  1916
  643  1435  1975
  398  1187  2884
  399  1188  2885
  629  2400  2732
  630  2401  2733
  1100  3313  2573
  543  1171  1993
  810  1144  2738
  811  1145  2739
  783  1297  2022
  2740  208  1526
  381  1980  1356
  745  1356  1980
  640  1593  1969
  1083  2605  2597
  1086  2608  2600
  1043  1723  2749
  1044  1725  2750
  971  2723  1373
  2971  1665  748
  801  1154  2664
  1254  2573  3313
  2005  2765  238
  2006  239  2766
  2007  2767  241
  907  2521  1411
  1112  1843  2562
  554  3402  1503
  532  2711  1870
  533  1869  2710
  534  1871  2712
  535  2713  1872
  218  1175  2187
  221  1176  2188
  710  1620  1194
  712  1195  1619
  713  1621  1196
  1001  2180  1314
  1002  1315  2182
  1003  2181  1316
  1004  1317  2183
  294  1108  1869
  296  1110  1871
  297  1872  1111
  651  1717  2243
  1396  2154  1810
  502  2416  1350
  602  1189  3337
  549  1273  3297
  550  3298  1274
  551  1275  3299
  1142  2867  1515
  507  1515  2867
  687  2148  1246
  2810  679  1107
  1087  2315  1747
  695  1747  2315
  1088  1748  2316
  697  2316  1748
  1089  2317  1749
  699  1749  2317
  1090  1750  2318
  700  2318  1750
  1283  3212  1774
  1284  3213  1775
  432  1764  1206
  475  2363  1594
  474  2362  1593
  1081  3216  1483
  727  2319  1292
  729  1293  2320
  871  1180  2798
  580  2798  1180
  287  1114  2757
  427  1157  1642
  1201  2842  1462
  1202  1463  2843
  1203  2844  1464
  1204  1465  2845
  501  1512  2474
  1020  3033  1520
  1021  1521  3034
  1022  3035  1522
  1023  1523  3036
  1107  679  2616
  1069  2119  1363
  314  1607  1301
  628  1301  1607
  455  2914  1173
  456  2915  1174
  527  2475  1513
  528  2476  1514
  621  1165  1918
  622  1919  1166
  623  1167  1920
  624  1921  1168
  3324  2852  536
  3325  2857  539
  1010  2248  1793
  1165  2374  1918
  1166  1919  2375
  1167  2376  1920
  883  1434  2193
  409  2193  1434
  1247  1503  3402
  610  1778  1677
  611  1678  1779
  608  1675  1776
  609  1777  1676
  598  3003  2899
  276  2514  1846
  278  1847  2515
  279  2516  1848
  281  1849  2517
  910  2354  1818
  673  1378  1801
  674  1379  1802
  1273  1834  3297
  1274  3298  1835
  1275  1836  3299
  3264  1276  2282
  3265  1277  2283
  1092  3352  1760
  397  1286  1424
  344  1854  1781
  227  2751  1298
  763  1666  1648
  339  1648  1666
  1158  1905  2881
  2765  1414  238
  2766  239  1415
  2767  1416  241
  285  1693  1164
  1650  2113  2783
  477  1492  2851
  478  2854  1493
  479  2855  1494
  480  1495  2858
  1264  1637  3078
  616  1491  1696
  720  1696  1491
  495  3248  1122
  1246  3355  2333
  286  1113  2115
  289  1116  2116
  1024  1226  3163
  1119  3100  1538
  574  3197  3110
  575  3111  3198
  576  3199  3112
  629  2732  1855
  630  2733  1856
  306  1211  2217
  309  1214  2218
  1144  3165  1789
  1145  3166  1790
  398  1536  2251
  399  1537  2252
  2351  856  3109
  578  1319  1410
  1096  2816  2947
  1095  2815  2946
  1450  2430  1668
  1593  2325  1969
  907  2826  2521
  1077  2728  1894
  1042  2378  1732
  305  1780  1491
  446  1462  2842
  447  2843  1463
  448  1464  2844
  449  2845  1465
  586  3390  1262
  1166  2375  1954
  1167  1955  2376
  891  1747  2837
  892  2838  1748
  893  1749  2839
  894  2840  1750
  314  1503  1247
  591  1767  1289
  459  2369  2565
  372  2718  1798
  589  1247  3402
  532  1137  1740
  533  1739  1139
  534  1741  1138
  535  1140  1742
  641  1594  2417
  1061  2746  1694
  2375  722  1954
  2376  1955  723
  541  3163  2368
  807  1603  1321
  809  1605  1323
  820  1232  1753
  822  1233  1755
  821  1754  1234
  823  1756  1235
  311  1634  1364
  113  1911  114
  64  65  1912
  15  16  1909
  162  1910  163
  563  2522  1314
  564  1315  2524
  562  2523  1316
  567  1317  2525
  855  2138  1943
  615  1126  1865
  992  2474  1512
  1109  1870  2711
  1108  2710  1869
  1110  2712  1871
  1111  1872  2713
  512  1141  2797
  284  2518  1141
  1536  3142  2251
  1537  3143  2252
  1226  2368  3163
  771  1374  2207
  774  1375  2210
  641  2417  1970
  812  1892  2716
  948  2096  3131
  31  1159  1927
  178  1928  1160
  129  1925  1161
  80  1162  1926
  648  1876  1134
  649  1877  1135
  470  2394  1127
  662  1985  1520
  663  1521  1987
  664  1989  1522
  665  1523  1991
  595  1726  1359
  598  2899  1596
  465  2540  1231
  348  1232  2150
  566  2151  1233
  350  2152  1234
  568  1235  2153
  803  2371  1332
  804  2372  1333
  1061  1694  2758
  1169  2741  1484
  1170  2742  1485
  2115  2852  3324
  2116  2857  3325
  574  1302  3197
  575  3198  1303
  576  1304  3199
  738  2123  1324
  522  1992  1419
  776  1150  2864
  649  1135  2114
  548  1615  2060
  736  2113  1650
  927  1609  1610
  545  1610  1609
  304  1319  2980
  1034  2980  1319
  1133  2539  1499
  1134  1500  2540
  1136  2541  1502
  907  2143  1217
  506  1622  1329
  757  1642  1350
  544  1602  1207
  545  1208  1603
  546  1604  1209
  547  1210  1605
  615  2584  1126
  407  2211  1962
  1699  3094  2599
  370  1177  1708
  372  1179  1709
  225  1423  3366
  487  1192  1655
  3387  1045  2369
  315  1417  1488
  632  1488  1417
  1091  2253  3256
  812  2212  1397
  225  3366  2756
  3109  856  1517
  513  1336  1540
  514  1541  1337
  515  1542  1338
  516  1339  1543
  517  1340  1544
  519  1545  1341
  518  1546  1342
  520  1343  1547
  356  1276  3264
  359  1277  3265
  207  1525  1261
  585  1261  1525
  335  1918  2374
  336  2375  1919
  337  1920  2376
  506  1142  2466
  318  1554  1711
  735  1711  1554
  319  1555  1712
  736  1712  1555
  217  2324  1638
  1080  1608  2442
  322  1702  2321
  857  1944  2150
  860  2152  1946
  854  2520  1157
  597  1555  1873
  316  1518  1982
  317  1519  1983
  608  1197  1675
  609  1676  1198
  610  1677  1199
  611  1200  1678
  1389  1879  2467
  545  1609  2096
  371  1729  1178
  511  1125  2622
  215  1125  2122
  1041  2094  2681
  295  2749  1723
  297  2750  1725
  1165  1936  2374
  2374  1936  721
  316  1147  3047
  3311  1600  583
  1318  1600  3311
  494  1707  1355
  1075  2676  1580
  580  3282  1468
  888  1305  2958
  445  2596  2296
  322  2321  2424
  642  1906  1385
  640  1220  1593
  641  1221  1594
  288  1643  1258
  113  2861  1911
  64  1912  2862
  15  1909  2859
  162  2860  1910
  318  1913  1554
  494  1915  2664
  900  2956  2475
  901  2957  2476
  591  2233  1527
  253  1450  1380
  603  1380  1450
  317  1149  2900
  1222  2628  1887
  2628  759  1887
  1223  1888  2629
  1224  1889  2630
  2629  1888  760
  2630  1889  761
  1225  2631  1890
  2631  762  1890
  444  1538  3100
  384  3005  2078
  385  2079  3006
  387  3007  2080
  390  2081  3008
  890  2382  1804
  589  3402  1344
  471  1332  2789
  529  1708  3197
  531  1709  3199
  405  2198  2492
  980  1227  3339
  602  3157  1189
  530  3198  1729
  267  2830  1190
  1435  2381  1975
  290  2581  2548
  292  2549  2582
  293  2583  2550
  571  2506  1360
  217  1638  1510
  311  1622  1883
  368  1358  1942
  709  1942  1358
  628  1852  1365
  494  1371  1707
  231  1332  2371
  232  1333  2372
  866  2111  2131
  464  1133  3086
  467  1136  3087
  218  2591  1175
  221  2593  1176
  370  1796  2759
  372  1798  2760
  687  1246  2242
  794  2215  1132
  174  1902  175
  27  28  1901
  76  77  1904
  125  1903  126
  594  1357  1498
  443  1305  2461
  838  2461  1305
  285  1164  1868
  334  2090  1355
  1035  2255  2651
  300  2385  1287
  301  2386  1288
  410  2093  2503
  412  2504  2091
  413  2092  2505
  332  2732  1283
  333  2733  1284
  477  3191  1492
  478  1493  3192
  479  1494  3193
  480  3194  1495
  306  1169  1837
  309  1170  1838
  731  1158  2431
  322  1898  1407
  381  1356  2023
  332  1948  1256
  333  1949  1257
  918  2409  1918
  283  3382  1142
  227  1298  1686
  625  1686  1298
  1350  2416  2120
  318  1667  1913
  673  2923  1381
  674  2924  1382
  677  2199  3354
  602  1809  1369
  593  1248  1612
  493  1612  1248
  1087  1747  2514
  1088  2515  1748
  1089  1749  2516
  1090  2517  1750
  986  1249  3045
  463  3045  1249
  500  1263  1968
  207  1387  2068
  208  1388  2069
  1298  2751  1727
  404  2446  2170
  455  1173  2665
  456  1174  2666
  1385  1906  2552
  290  1302  2581
  292  2582  1303
  293  1304  2583
  920  2568  1920
  266  2379  1156
  584  1367  1801
  587  1368  1802
  302  2019  1366
  927  1610  2184
  235  2184  1610
  919  1919  2640
  921  1921  2641
  1832  2387  2729
  295  1870  2368
  1109  2368  1870
  404  2009  1664
  904  1664  2009
  460  1331  2676
  591  1803  2233
  313  1498  1357
  786  1163  3284
  285  2131  1143
  764  2352  2035
  1182  2433  3252
  847  1667  1929
  318  1929  1667
  908  1669  2033
  345  2033  1669
  1794  3281  2714
  1109  2421  2368
  207  2068  1398
  208  2069  1399
  1242  2548  1703
  1244  1704  2549
  1245  2550  1705
  569  1505  1817
  1330  2868  1354
  724  1956  1168
  937  3039  2426
  590  1405  1761
  338  1153  2083
  701  1358  3226
  211  2100  1151
  212  1152  2101
  785  2387  1832
  594  1296  1572
  364  1789  3165
  366  1790  3166
  1069  1498  2567
  332  1283  2773
  333  1284  2774
  542  1899  2423
  960  2102  2522
  962  2524  2103
  961  2104  2523
  964  2525  2105
  971  2380  2723
  267  1155  2075
  584  1801  1378
  587  1802  1379
  1386  1886  2236
  776  1182  3186
  779  2454  2333
  876  1544  2659
  878  2661  1546
  877  2660  1545
  879  1547  2662
  853  1156  2821
  608  1998  1250
  609  1251  1999
  610  1252  2000
  611  2001  1253
  2281  397  3370
  590  1694  2746
  276  1846  2959
  278  2960  1847
  279  1848  2961
  281  2962  1849
  1227  2314  3339
  414  1813  1346
  415  1347  1814
  416  1815  1348
  417  1349  1816
  596  1524  1818
  746  1286  2281
  397  2281  1286
  321  1572  1296
  312  1548  1330
  3370  397  1706
  596  2130  1524
  529  1194  2656
  530  2657  1195
  531  1196  2658
  214  1670  2768
  1520  1985  2734
  1521  2735  1987
  1522  1989  2736
  1523  2737  1991
  637  3221  1261
  724  1168  3296
  793  2044  1454
  426  1454  2044
  400  2720  1841
  401  2721  1842
  977  3043  1894
  465  2232  1240
  714  1240  2232
  740  1490  1489
  553  1489  1490
  1177  3197  1708
  1179  3199  1709
  1710  2922  3313
  668  2557  2012
  669  2558  2013
  990  2242  2719
  371  2731  1769
  673  3090  2923
  443  2758  1694
  633  1488  1590
  602  3337  1396
  461  1219  2173
  1432  3387  2369
  1030  2358  2412
  1031  2413  2360
  1033  2361  2415
  1032  2414  2359
  880  2875  1908
  313  1556  1345
  234  1963  2400
  237  1964  2401
  615  1968  1263
  719  1236  2247
  466  2247  1236
  530  1729  1413
  1112  3215  1843
  228  2547  1365
  563  3133  2522
  562  3134  2523
  564  2524  3135
  567  2525  3137
  2772  291  1859
  1243  2772  1859
  266  2502  1181
  365  2042  1468
  789  1468  2042
  1178  1729  3198
  378  1732  2378
  1012  2725  1419
  409  1419  2725
  788  2433  1828
  790  2434  1829
  792  1830  2435
  581  1751  1215
  582  1752  1216
  306  2217  1169
  658  1169  2217
  659  1170  2218
  309  2218  1170
  511  2650  2122
  827  1258  1643
  790  2480  2434
  792  2435  2481
  3356  2255  521
  779  1831  2454
  529  1422  1708
  531  1423  1709
  1292  2319  2813
  1293  2814  2320
  329  1699  2599
  599  3405  1291
  521  2255  3332
  999  1228  3068
  270  2143  2082
  676  1487  2027
  1319  2932  2193
  433  2562  1843
  437  1650  1997
  870  1997  1650
  555  2004  1391
  542  1977  1313
  738  1632  1702
  607  1702  1632
  246  1951  2070
  594  1572  1357
  572  1361  1917
  756  2723  2380
  675  3099  1173
  403  2346  2491
  676  2937  1174
  1017  2787  1841
  1018  2788  1842
  242  1241  2399
  749  2399  1241
  282  2106  2190
  370  2156  1177
  371  1178  2157
  372  2158  1179
  1305  1694  2958
  559  2187  1175
  560  2188  1176
  859  2533  1474
  863  1475  2536
  862  1473  2537
  858  2532  1471
  783  2296  2643
  960  1438  2102
  962  2103  1439
  961  1441  2104
  964  2105  1443
  883  2193  2932
  1093  2012  2557
  1094  2013  2558
  832  1770  1451
  833  1452  1771
  834  1772  1453
  835  1454  1773
  831  2498  2340
  730  2038  2645
  728  2644  2039
  780  1355  1707
  591  1967  1390
  368  1569  1358
  631  2059  1679
  602  1810  1809
  852  1809  1810
  993  2851  1492
  994  1493  2854
  995  1494  2855
  996  2858  1495
  688  1655  1377
  907  1217  2826
  912  2789  1332
  1036  2784  1431
  242  1431  2784
  585  1699  1261
  599  1335  3405
  1358  1569  3226
  661  1873  1362
  319  1362  1873
  715  1197  2440
  716  2441  1198
  717  2438  1199
  718  1200  2439
  1113  2852  2115
  1116  2857  2116
  580  1569  2798
  728  1532  2644
  730  2645  1534
  470  1190  2449
  909  1715  2034
  347  2034  1715
  675  1486  2058
  1150  2203  3217
  1151  3218  2204
  1152  2205  3219
  991  1794  2714
  284  1289  2432
  782  2432  1289
  1039  2503  2093
  1038  2091  2504
  1040  2505  2092
  462  2272  1373
  523  2963  1279
  524  1280  2964
  525  1281  2965
  526  2966  1282
  482  1181  2782
  938  2003  2804
  848  1283  2732
  849  1284  2733
  885  3053  1999
  886  3054  2000
  783  2022  2436
  831  2340  1800
  571  1360  1591
  572  1592  1361
  379  2160  1611
  828  2442  1608
  364  2176  1320
  365  1321  2177
  366  2178  1322
  1569  2707  2798
  972  2564  1701
  651  1384  1759
  438  1759  1384
  973  2086  1446
  974  1447  2087
  975  2088  1448
  976  1449  2089
  437  2241  2744
  487  2055  1192
  709  1950  2124
  1329  1364  2867
  1071  1915  3013
  935  2388  1941
  817  2410  1862
  710  1194  2405
  712  2406  1195
  713  1196  2407
  276  3235  2126
  859  1474  2927
  863  2929  1475
  862  2931  1473
  858  1471  2926
  866  1868  3245
  890  1891  2472
  594  2621  1295
  290  2405  1194
  292  1195  2406
  293  2407  1196
  13  1336  2258
  160  2259  1337
  45  2262  1342
  192  1343  2263
  143  1340  2260
  94  2261  1341
  111  2256  1338
  62  1339  2257
  2468  394  3312
  457  2590  1283
  818  1283  2590
  458  2592  1284
  819  1284  2592
  242  3003  1431
  1098  2555  1982
  1099  2554  1983
  2945  882  1885
  3312  394  1683
  258  1934  1563
  260  1935  1564
  880  1206  2595
  1271  2945  1885
  302  1549  2019
  813  2300  1400
  282  1400  2300
  787  1451  2132
  423  2132  1451
  789  2133  1452
  424  1452  2133
  791  1453  2134
  425  2134  1453
  614  1706  1635
  731  1635  1706
  1232  2527  1753
  1233  2528  1755
  1234  1754  2529
  1235  1756  2530
  809  2564  2507
  548  2060  1201
  549  1202  2061
  550  2062  1203
  551  1204  2063
  1097  3051  1549
  1037  2918  1419
  1177  3110  3197
  1178  3198  3111
  1179  3112  3199
  722  1238  3360
  723  3361  1239
  537  1863  1597
  936  1597  1863
  538  1864  1598
  937  1598  1864
  1363  3020  3156
  637  2186  1387
  636  2185  1388
  1005  2881  1905
  1276  2030  1613
  1277  2031  1614
  832  2334  1770
  868  1708  1422
  869  1709  1423
  460  2175  1331
  571  3029  2506
  638  1622  1352
  614  2980  2620
  558  2015  1389
  443  1694  1305
  258  1563  2356
  933  2356  1563
  260  1564  2357
  934  2357  1564
  1486  2811  2058
  213  2242  1246
  613  1595  1574
  666  1574  1595
  261  1376  1679
  631  1679  1376
  555  1504  2004
  837  1290  2869
  461  1258  2682
  827  2682  1258
  1206  1764  3215
  595  1359  2806
  522  1419  2918
  787  3165  1965
  791  3166  1966
  290  1242  1858
  292  1860  1244
  293  1245  1861
  310  1264  3109
  316  1710  2669
  1100  2669  1710
  990  1816  2242
  219  2124  1373
  971  1373  2124
  459  2565  1324
  1104  3158  2297
  855  1270  1781
  344  1781  1270
  837  2510  2339
  379  2325  1408
  815  1408  2325
  344  1865  1627
  970  3156  3020
  226  1716  1300
  229  2265  1205
  230  1215  2196
  667  2196  1215
  670  2197  1216
  233  1216  2197
  205  3093  3338
  986  1606  2512
  287  2506  1863
  245  1943  2138
  552  1549  3051
  1064  1731  2899
  3195  2033  345
  719  2239  1421
  3327  206  1801
  1367  3327  1801
  3328  209  1802
  1368  3328  1802
  773  2526  1501
  507  1298  1727
  229  1728  1299
  977  2728  1826
  1030  1325  2358
  1031  2360  1326
  1033  1328  2361
  1032  2359  1327
  544  1207  2095
  545  2096  1208
  546  1209  2097
  547  2098  1210
  223  1312  2919
  945  2919  1312
  1173  2914  1486
  1174  2915  1487
  329  1266  2014
  403  2491  1697
  405  2492  1698
  1124  3245  1868
  367  1323  2215
  457  1283  1774
  458  1284  1775
  971  2124  1950
  890  1686  1891
  708  2299  1733
  466  1236  2114
  591  1527  1967
  1019  2123  1407
  738  1407  2123
  203  2130  1390
  743  1390  2130
  272  2327  1350
  757  1350  2327
  493  2119  1291
  503  1982  2555
  504  1983  2554
  636  1821  1262
  837  2339  1850
  605  3330  3394
  667  1215  2066
  670  1216  2067
  598  1377  2483
  1034  1319  2193
  373  1267  1817
  274  3117  2095
  275  2096  3119
  277  3121  2097
  280  2098  3122
  307  2110  1240
  422  2510  1599
  631  1701  2059
  502  2107  3323
  820  2777  1232
  821  1234  2779
  822  2778  1233
  566  1233  2778
  823  1235  2780
  568  2780  1235
  379  1408  2160
  395  1278  3140
  614  1635  2980
  1246  2148  3355
  220  2512  1606
  758  3326  2379
  321  3386  1572
  508  3244  1299
  402  2179  1568
  840  1568  2179
  1144  1965  3165
  1145  1966  3166
  815  1593  2362
  816  1594  2363
  321  1595  3386
  1370  2033  3195
  228  2274  1221
  590  2746  1230
  438  1384  2444
  836  2444  1384
  591  1289  1803
  673  1801  3050
  684  1813  2559
  685  2560  1814
  686  1815  2561
  481  2350  3164
  335  2374  1237
  336  1238  2375
  722  2375  1238
  337  2376  1239
  723  1239  2376
  1141  1334  2797
  238  1834  1273
  239  1274  1835
  241  1836  1275
  608  1250  1901
  609  1902  1251
  610  1903  1252
  611  1253  1904
  1159  2303  2311
  1160  2312  2304
  1161  2309  2301
  1162  2302  2310
  1122  2609  1826
  272  1826  2609
  242  2784  1241
  714  2214  1412
  602  1369  3157
  672  1351  2011
  222  2970  1311
  944  1311  2970
  1027  3082  2191
  1028  3083  2192
  474  1220  2902
  553  2897  1627
  1118  1627  2897
  926  2350  1418
  246  2070  1574
  2528  2151  349
  1233  2151  2528
  2530  351  2153
  1235  2530  2153
  634  3082  1837
  635  3083  1838
  758  2379  1324
  266  1324  2379
  513  2086  1336
  693  1336  2086
  514  1337  2087
  694  2087  1337
  516  2088  1339
  696  1339  2088
  698  2089  1341
  519  1341  2089
  226  2671  1220
  583  1371  2404
  441  2311  2303
  442  2304  2312
  439  2301  2309
  440  2310  2302
  589  1933  1247
  1359  1726  2498
  234  2400  1713
  237  2401  1714
  344  1270  1865
  605  3394  1395
  684  2559  2099
  685  2100  2560
  686  2561  2101
  828  1638  2324
  588  3406  2508
  826  2676  1331
  313  1345  2567
  404  1664  2446
  542  2618  1977
  1048  1492  3191
  1049  3192  1493
  1050  3193  1494
  1051  1495  3194
  284  1535  3145
  252  1478  1914
  381  2836  1248
  349  2151  2285
  351  2287  2153
  24  25  1455
  171  1456  172
  122  1457  123
  73  74  1458
  381  2023  2836
  641  2547  1221
  708  2166  2299
  1365  2547  1819
  493  3020  1363
  593  1799  1310
  1231  2540  3196
  306  2245  1211
  309  2246  1214
  896  2156  2759
  898  2158  2760
  306  1837  3091
  309  1838  3092
  633  1590  1839
  660  1866  1397
  339  1397  1866
  1355  2090  3013
  2085  2940  3314
  615  1263  2584
  671  1370  2010
  308  2017  1236
  1408  3040  2160
  1611  2160  3406
  578  1257  1949
  106  1470  107
  57  58  1471
  147  1472  148
  98  99  1473
  8  9  1474
  155  1475  156
  49  50  1476
  196  1477  197
  1313  3129  1899
  3129  430  1899
  523  1242  2703
  524  2704  1243
  525  2705  1244
  526  1245  2706
  356  1374  2485
  359  1375  2486
  213  2454  2719
  369  2159  1389
  739  1389  2159
  583  1707  1371
  588  1400  2190
  465  1240  2018
  632  1590  1488
  775  2275  1765
  744  1420  2070
  613  2070  1420
  651  1759  1907
  283  1515  3125
  285  1516  3126
  498  1430  2781
  207  1261  3221
  228  1221  2547
  604  1616  1700
  312  1791  1548
  286  1460  1684
  658  1684  1460
  289  1461  1685
  659  1685  1461
  1139  2578  1889
  1140  1890  2579
  1137  1887  2576
  1138  2577  1888
  558  1539  2015
  668  2012  3347
  669  2013  3348
  606  3168  3160
  226  1300  1851
  627  1851  1300
  244  1992  1297
  658  1952  1684
  659  1953  1685
  747  2291  1807
  572  1917  1567
  367  2564  1323
  809  1323  2564
  1100  1710  3313
  839  1432  2369
  608  1425  1998
  609  1999  1426
  610  2000  1427
  611  1428  2001
  496  1734  3032
  330  1265  2121
  2490  912  3329
  742  2418  1894
  461  2791  1219
  303  3214  1395
  3330  1934  810
  3331  1935  811
  749  1241  2155
  470  1857  2982
  408  1433  2651
  409  1434  2652
  612  3215  1764
  678  2615  2377
  701  3128  1766
  1230  1766  3128
  1077  1894  2418
  2348  3330  810
  2349  3331  811
  1205  2982  1857
  676  1290  2238
  647  2328  3025
  648  3026  2329
  649  3027  2330
  650  2331  3028
  570  1941  1268
  765  2412  2358
  767  2360  2413
  768  2415  2361
  766  2359  2414
  17  18  1499
  164  1500  165
  115  1501  116
  66  67  1502
  532  1870  2597
  535  1872  2600
  216  1978  1557
  913  2249  2789
  944  2970  2656
  834  2446  1772
  897  2731  2157
  855  1943  1730
  396  1290  3098
  471  1958  1265
  472  1959  1266
  720  1491  1780
  493  1363  2119
  505  1496  3326
  1156  3326  1496
  1487  3189  2027
  348  2527  1232
  350  1234  2529
  505  1893  1296
  436  1996  1787
  868  1787  1996
  437  1997  1788
  869  1788  1997
  464  2191  1374
  732  1374  2191
  467  2192  1375
  733  1375  2192
  633  1839  1376
  755  1429  2154
  243  2154  1429
  229  1299  1960
  807  1321  2580
  365  2580  1321
  228  1365  1852
  496  3313  2922
  303  3251  3214
  1524  2556  1818
  204  2835  3081
  369  1389  2015
  335  1237  2203
  336  2204  1238
  337  1239  2205
  465  1231  2232
  493  1248  3020
  922  2190  2106
  204  1979  2835
  746  3185  1286
  383  1917  1361
  1501  2526  3023
  259  1230  3128
  284  3145  1803
  1001  1314  3229
  1002  3230  1315
  1003  1316  3231
  1004  3232  1317
  654  2703  1242
  655  1243  2704
  656  1244  2705
  657  2706  1245
  636  1262  2121
  27  1250  2801
  174  2800  1251
  125  2802  1252
  76  1253  2803
  290  2548  1242
  292  1244  2549
  293  2550  1245
  872  2207  1656
  356  1656  2207
  873  1657  2208
  357  2208  1657
  358  2209  1658
  874  1658  2209
  875  2210  1659
  359  1659  2210
  684  1346  1813
  685  1814  1347
  686  1348  1815
  687  1816  1349
  1160  1928  2312
  1159  2311  1927
  1161  1925  2309
  1162  2310  1926
  383  2165  1917
  104  1582  105
  55  56  1583
  149  1584  150
  100  101  1585
  6  7  1586
  153  1588  154
  51  52  1587
  198  1589  199
  202  1260  3305
  1351  3259  2011
  423  3252  2433
  1017  2720  2475
  1018  2721  2476
  353  1597  2425
  936  2425  1597
  684  2139  1346
  685  1347  2140
  686  2141  1348
  687  1349  2142
  312  1354  1884
  639  1884  1354
  654  2793  1306
  656  1308  2795
  655  1307  2794
  657  2796  1309
  758  1893  3326
  827  1643  2553
  646  2026  2496
  427  2410  2028
  606  1410  3168
  675  1278  2077
  1080  3372  1608
  813  1400  2745
  592  1693  1636
  916  1601  1617
  795  1753  2527
  796  1755  2528
  797  2529  1754
  798  2530  1756
  1045  2016  2565
  446  3217  3359
  1312  1529  2543
  1311  2542  1528
  833  1771  2491
  835  1773  2492
  973  2078  3005
  974  3006  2079
  975  2080  3007
  976  3008  2081
  1369  1809  2443
  968  2781  1430
  955  1846  2139
  489  2139  1846
  956  2140  1847
  490  1847  2140
  491  2141  1848
  957  1848  2141
  958  2142  1849
  492  1849  2142
  612  1843  3215
  213  1246  2333
  554  1780  3402
  1344  3402  1780
  634  2686  1774
  635  2687  1775
  368  1391  2004
  959  2219  1440
  963  1442  2220
  965  2221  1444
  966  1445  2222
  408  2168  1885
  978  1885  2168
  314  1247  3124
  945  2657  2919
  509  1354  2868
  1273  1624  2036
  1274  2037  1625
  1275  1626  2038
  374  2022  1268
  1211  1952  2217
  1214  1953  2218
  527  2923  1550
  1062  1550  2923
  528  2924  1551
  1063  1551  2924
  258  2995  1934
  260  2996  1935
  818  1680  1948
  577  1948  1680
  819  1681  1949
  578  1949  1681
  1272  2039  1623
  1346  2139  3271
  1347  3272  2140
  1348  2141  3273
  1349  3274  2142
  1026  2761  2509
  643  2751  1269
  584  1378  3294
  587  1379  3295
  3329  912  1566
  402  1568  2334
  929  2599  3094
  634  1837  2686
  635  1838  2687
  1213  3027  2017
  496  2922  1734
  303  1271  3167
  449  3355  2148
  784  1510  1638
  728  2039  1272
  512  1365  1819
  727  1273  2036
  729  2037  1274
  730  1275  2038
  1118  3338  3093
  1104  3127  3158
  870  2718  1997
  282  2190  1400
  1370  3234  2010
  672  2034  1351
  347  1351  2034
  586  1262  2740
  929  1722  1869
  294  1869  1722
  928  1870  1723
  295  1723  1870
  930  1724  1871
  296  1871  1724
  931  1872  1725
  297  1725  1872
  330  2121  1262
  986  2994  1249
  588  1732  1400
  1073  2865  2650
  626  1960  1299
  661  1362  1854
  262  2025  1695
  814  1695  2025
  814  2279  1806
  302  1366  1820
  591  1390  1767
  725  3043  2484
  256  1741  2224
  257  2223  1742
  708  1259  2160
  271  1255  2786
  1212  2110  3149
  461  2173  1258
  288  1258  2174
  732  2030  1276
  733  2031  1277
  884  2801  1250
  885  1251  2800
  886  1252  2802
  887  2803  1253
  463  1249  2981
  747  1249  2384
  896  1414  2156
  897  2157  1415
  898  1416  2158
  300  1287  2917
  522  2918  1288
  675  2058  1278
  973  3005  2086
  974  2087  3006
  975  3007  2088
  976  2089  3008
  717  1403  2309
  718  2310  1404
  715  2311  1401
  716  1402  2312
  702  1898  1665
  748  1665  1898
  552  2905  1549
  1047  1549  2905
  489  3271  2139
  490  2140  3272
  491  3273  2141
  492  2142  3274
  179  1577  180
  32  33  1576
  130  1578  131
  81  82  1579
  543  1993  3038
  500  2163  1263
  544  2282  1276
  546  2283  1277
  743  2130  1913
  647  1875  2328
  648  2329  1876
  649  2330  1877
  650  1878  2331
  332  1256  2348
  333  1257  2349
  727  1292  2005
  729  2006  1293
  730  1294  2007
  460  2920  2175
  732  1466  2030
  234  2030  1466
  733  1467  2031
  237  2031  1467
  240  1272  2136
  693  1438  2258
  694  2259  1439
  695  2256  1440
  696  1441  2257
  697  1442  2260
  698  2261  1443
  699  2262  1444
  700  1445  2263
  244  1297  2643
  783  2643  1297
  857  1582  1944
  858  1945  1583
  680  1944  1582
  681  1583  1945
  860  1946  1584
  682  1584  1946
  862  1585  1947
  683  1947  1585
  252  1914  2162
  1036  1431  2168
  876  1506  1971
  878  1973  1508
  877  1972  1507
  879  1509  1974
  749  1310  2399
  1078  2925  2617
  750  1907  1759
  614  2544  1394
  814  1806  1695
  1229  2247  2526
  466  2526  2247
  676  2027  1290
  508  1330  3244
  1020  1346  3271
  1021  3272  1347
  1022  1348  3273
  1023  3274  1349
  573  1617  1601
  420  2497  1696
  1218  2175  2920
  1106  2377  2615
  1101  2085  3314
  330  1262  2264
  891  1846  2514
  892  2515  1847
  893  1848  2516
  894  2517  1849
  847  2211  1667
  319  1895  1362
  636  1388  1821
  208  1821  1388
  579  1760  3352
  769  1787  2477
  770  1788  2478
  638  1352  3327
  639  1353  3328
  632  2090  1590
  817  1278  3141
  521  1267  2683
  202  2508  1259
  134  2754  1479
  85  1480  2755
  36  1481  2753
  183  2752  1482
  236  1553  1936
  721  1936  1553
  651  1285  2513
  818  2773  1283
  819  2774  1284
  627  1556  3150
  533  2726  1869
  534  2727  1871
  469  2011  3259
  273  2584  1263
  782  1289  2551
  569  2385  3090
  915  1917  2165
  817  3140  1278
  305  1491  2819
  775  1599  2684
  254  1739  2266
  255  2267  1740
  589  2675  1581
  667  1425  1776
  668  1777  1426
  669  1778  1427
  670  1428  1779
  510  1345  3233
  507  2867  1364
  616  1409  2812
  854  1866  1979
  660  1979  1866
  1643  3308  2553
  482  2351  1264
  1308  1481  2824
  1309  2825  1482
  1306  2822  1479
  1307  1480  2823
  313  2567  1498
  588  2190  1611
  599  1291  2119
  646  2496  1782
  1043  2569  1757
  455  1757  2569
  1044  2570  1758
  456  1758  2570
  758  1324  2565
  830  2497  1411
  420  1411  2497
  482  1269  3280
  1070  1418  2350
  135  1306  2793
  86  2794  1307
  37  2795  1308
  184  1309  2796
  597  1497  2227
  592  1557  1978
  446  3359  1462
  722  3360  1463
  723  1464  3361
  838  1967  1527
  1787  2762  2477
  1788  2763  2478
  638  3327  1367
  639  3328  1368
  1943  2889  3057
  3387  2024  666
  1432  2024  3387
  855  2468  1270
  807  2580  2076
  1180  2076  2580
  837  3098  1290
  615  1683  1968
  240  2473  1272
  728  1272  2473
  725  1286  2226
  45  46  2262
  192  2263  193
  12  13  2258
  159  2259  160
  143  2260  144
  94  95  2261
  110  2256  111
  61  62  2257
  1259  2508  3406
  1013  2268  3177
  1014  3178  2269
  1015  2270  3179
  1016  3180  2271
  701  2171  1358
  205  1497  3093
  1053  2610  2837
  1054  2838  2611
  1055  2612  2839
  1056  2840  2613
  1006  1292  2813
  1007  2814  1293
  671  2033  1370
  592  1978  1565
  710  1279  2646
  711  2648  1280
  712  2647  1281
  713  1282  2649
  402  2334  2419
  347  2552  1906
  581  1690  1689
  997  1689  1690
  582  1692  1691
  998  1691  1692
  346  2277  1808
  941  1808  2277
  1067  3309  1398
  497  1398  3309
  1068  3310  1399
  499  1399  3310
  634  1963  1466
  635  1964  1467
  1119  2799  1957
  756  2380  1558
  1279  2963  2335
  1280  2336  2964
  1281  2337  2965
  1282  2966  2338
  1104  2021  3127
  307  3149  2110
  340  1279  2335
  341  2336  1280
  342  2337  1281
  343  1282  2338
  423  1451  1770
  424  1771  1452
  425  1453  1772
  426  1773  1454
  1320  2176  3290
  1321  3291  2177
  1322  2178  3292
  757  2410  1642
  376  1636  2389
  917  2389  1636
  566  2933  2151
  568  2153  2934
  321  1296  3391
  622  1795  2640
  624  1797  2641
  596  2354  1554
  597  2355  1555
  1006  2548  2581
  1007  2582  2549
  1008  2550  2583
  356  2485  1276
  732  1276  2485
  359  2486  1277
  733  1277  2486
  847  1429  1962
  382  1844  2164
  913  2164  1844
  383  1845  2165
  914  2165  1845
  617  2390  1770
  618  1771  2391
  619  2392  1772
  620  1773  2393
  340  2646  1279
  341  1280  2648
  342  1281  2647
  343  2649  1282
  3097  287  2757
  755  2234  1962
  334  1459  3174
  865  1817  1505
  435  1832  2020
  851  2020  1832
  908  2033  1922
  671  1922  2033
  909  2034  1923
  672  1923  2034
  574  2765  1292
  575  1293  2766
  576  2767  1294
  614  2620  2544
  1331  3097  2757
  936  1863  2506
  623  2568  1768
  889  1957  2799
  1256  3394  3330
  245  2889  1943
  383  1361  2054
  2546  786  3130
  7  2533  1586
  154  1588  2536
  198  2538  1589
  51  1587  2535
  149  2534  1584
  100  1585  2537
  105  1582  2531
  56  2532  1583
  1008  1294  2997
  716  2312  1928
  715  1927  2311
  717  2309  1925
  718  1926  2310
  556  2068  1387
  557  2069  1388
  555  1412  2214
  549  2061  1624
  951  1624  2061
  550  1625  2062
  952  2062  1625
  551  2063  1626
  954  1626  2063
  515  2315  2126
  1087  2126  2315
  1061  1766  2746
  521  3332  1287
  301  1288  3333
  826  1331  2757
  327  1950  2171
  384  2522  2102
  385  2103  2524
  387  2523  2104
  390  2105  2525
  207  3221  1387
  259  2575  1405
  833  1405  2575
  569  1287  2385
  570  1288  2386
  724  2411  1465
  3130  786  2125
  775  2684  2275
  600  1433  1811
  601  1434  1812
  512  2797  1301
  621  2409  1695
  654  1306  2703
  655  2704  1307
  656  2705  1308
  657  1309  2706
  638  1757  2665
  639  1758  2666
  607  3078  1637
  423  2433  2132
  272  2484  1826
  888  2827  1305
  617  1770  2334
  40  41  1718
  187  1719  188
  138  1720  139
  89  90  1721
  468  2010  3234
  573  2023  1356
  855  1781  2138
  741  2138  1781
  913  1844  2689
  493  1291  3002
  691  2073  1784
  692  1785  2074
  689  1783  2071
  690  2072  1786
  1405  2346  1761
  320  1552  1760
  785  1700  1616
  730  2408  1294
  222  1311  2925
  786  2552  1715
  741  1362  3204
  814  2589  2278
  802  2341  2117
  805  2344  2118
  37  1308  2824
  184  2825  1309
  135  2822  1306
  86  1307  2823
  746  1840  2277
  941  2277  1840
  1098  1982  1518
  1099  1983  1519
  340  2358  1325
  342  1326  2360
  341  1327  2359
  343  2361  1328
  231  3079  1332
  912  1332  3079
  232  3080  1333
  111  1338  3107
  62  3108  1339
  13  3105  1336
  160  1337  3106
  143  3103  1340
  94  1341  3104
  45  1342  3101
  192  3102  1343
  595  1483  1820
  1017  2475  1550
  1018  2476  1551
  1154  3321  1371
  652  3097  1331
  505  1295  3190
  917  1636  1693
  429  1619  2543
  945  2543  1619
  944  1620  2542
  428  2542  1620
  382  1591  2053
  838  1305  2747
  806  1713  1789
  808  1714  1790
  558  1421  2239
  112  1542  2861
  63  2862  1543
  14  2859  1540
  161  1541  2860
  1119  1538  2295
  409  2652  3388
  1135  3023  2114
  806  2986  1320
  808  2987  1322
  598  2483  2939
  272  2120  2484
  652  1331  2175
  914  1845  2708
  633  2775  1488
  312  1884  2937
  1174  2937  1884
  691  1939  2073
  692  2074  1940
  689  2071  1937
  690  1938  2072
  547  1623  2098
  953  2098  1623
  638  2665  1883
  639  2666  1884
  745  2084  1356
  826  2137  1580
  272  1350  2120
  386  1644  2228
  820  2228  1644
  821  1645  2229
  388  2229  1645
  822  2230  1646
  389  1646  2230
  823  1647  2231
  391  2231  1647
  527  2117  1381
  528  2118  1382
  613  1357  3386
  627  3150  2161
  788  2479  2176
  790  2177  2480
  792  2481  2178
  578  2932  1319
  1072  3400  2163
  1900  2888  3400
  1289  1767  2551
  579  1366  2019
  1476  2535  2933
  1477  2934  2538
  230  2370  1513
  802  1513  2370
  233  2373  1514
  805  1514  2373
  1129  2176  2479
  1130  2480  2177
  1131  2178  2481
  523  2703  1306
  524  1307  2704
  525  1308  2705
  526  2706  1309
  1684  1952  3200
  1685  1953  3201
  392  2383  1641
  939  2889  2496
  1400  1732  2745
  574  2581  1302
  575  1303  2582
  576  2583  1304
  1372  2163  3400
  799  1575  1857
  433  1432  2562
  839  2562  1432
  727  2036  1531
  360  1531  2036
  729  1533  2037
  361  2037  1533
  678  1373  2272
  626  1548  1791
  515  1338  2315
  695  2315  1338
  517  2316  1340
  697  1340  2316
  518  1342  2317
  699  2317  1342
  520  2318  1343
  700  1343  2318
  744  2029  1641
  360  1971  1531
  704  1531  1971
  361  1533  1973
  706  1973  1533
  711  2776  1327
  561  2150  2777
  1232  2777  2150
  1234  2152  2779
  565  2779  2152
  488  2714  3281
  969  1408  2065
  615  1865  3312
  304  1930  3168
  427  2028  2594
  908  3340  2448
  203  1390  1967
  604  1914  1478
  1270  3312  1865
  740  2253  2828
  761  2585  1403
  759  1401  2586
  760  2587  1402
  762  1404  2588
  840  2566  2323
  270  2082  1406
  677  1406  2082
  640  1618  3389
  689  1937  1671
  841  1671  1937
  690  1672  1938
  842  1938  1672
  691  1673  1939
  843  1939  1673
  692  1940  1674
  844  1674  1940
  771  2539  1374
  464  1374  2539
  774  2541  1375
  467  1375  2541
  1094  2558  3030
  825  1683  2216
  394  2216  1683
  304  3168  1410
  1079  2478  1977
  225  1977  2478
  710  1325  2702
  712  2700  1326
  713  1328  2701
  3157  2699  444
  133  2754  134
  84  85  2755
  35  36  2753
  182  2752  183
  569  3090  2002
  1095  1807  2815
  268  2815  1807
  223  2724  1312
  597  2227  1687
  1046  2772  1833
  940  3259  1351
  781  3175  2297
  329  2014  1699
  399  2026  1537
  563  1314  2694
  562  1316  2695
  564  2696  1315
  567  2697  1317
  1079  1977  2618
  1369  2699  3157
  435  2020  1892
  850  1892  2020
  1290  2027  2869
  1194  1620  2656
  1195  2657  1619
  1196  1621  2658
  693  2258  1336
  694  1337  2259
  695  1338  2256
  696  2257  1339
  697  2260  1340
  698  1341  2261
  699  1342  2262
  700  2263  1343
  1581  2675  2035
  784  2499  1366
  395  2472  1891
  364  1320  2986
  366  1322  2987
  799  2294  1575
  376  1575  2294
  637  3344  2186
  636  3345  2185
  944  2542  1311
  945  1312  2543
  1197  1901  2951
  1198  2952  1902
  1199  2949  1903
  1200  1904  2950
  969  2065  2291
  728  1318  3024
  1142  1329  2867
  1143  2868  1330
  1378  2494  3294
  1379  2495  3295
  214  1363  3156
  909  3341  2471
  244  2544  1992
  1108  1931  2420
  540  2420  1931
  1110  1932  2423
  542  2423  1932
  494  1355  3013
  459  2123  2206
  1019  2206  2123
  1040  1738  2505
  1038  2504  1737
  1039  1735  2503
  703  1383  2032
  201  1511  2595
  880  2595  1511
  703  2040  1383
  640  3389  1716
  631  1376  3174
  218  2187  3152
  221  2188  3153
  339  2642  1397
  812  1397  2642
  412  2091  2320
  410  2319  2093
  1597  3053  2878
  1598  3054  2879
  667  1776  1651
  668  1652  1777
  669  1653  1778
  670  1779  1654
  720  1469  2244
  865  1505  2574
  206  2574  1505
  340  1325  2646
  342  2647  1326
  341  2648  1327
  343  1328  2649
  589  1581  1933
  703  1933  1581
  1361  3336  2054
  800  2443  1669
  537  2853  1863
  1114  1863  2853
  1115  1864  2856
  538  2856  1864
  1030  3223  1325
  1031  1326  3222
  1033  3224  1328
  1300  3389  3233
  1323  3293  2215
  800  2699  1369
  705  2644  1532
  707  1534  2645
  917  1516  3084
  744  2070  1951
  900  2475  2720
  901  2476  2721
  859  1586  2533
  863  2536  1588
  861  2535  1587
  864  1589  2538
  860  1584  2534
  862  2537  1585
  857  2531  1582
  858  1583  2532
  809  2988  1605
  653  2054  3336
  644  1575  2389
  708  2160  3040
  1032  1327  3283
  215  2295  2244
  140  2833  1506
  91  1507  2834
  42  1508  2831
  189  2832  1509
  384  2102  3005
  385  3006  2103
  387  2104  3007
  390  3008  2105
  710  2646  1325
  712  1326  2647
  711  1327  2648
  713  2649  1328
  616  2812  3113
  310  1907  1637
  1193  3168  1930
  25  2463  1455
  172  1456  2462
  123  1457  2465
  74  2464  1458
  265  2783  2113
  285  1868  2131
  866  2131  1868
  1770  2390  3252
  1771  3253  2391
  1772  2392  3254
  1773  3255  2393
  577  1395  3394
  1959  3089  3344
  369  1806  2279
  397  1905  1706
  731  1706  1905
  205  2227  1497
  323  1776  1675
  325  1677  1778
  324  1676  1777
  326  1779  1678
  393  1383  3302
  1133  1875  3086
  1136  1878  3087
  1254  2143  3358
  511  2622  1334
  319  1873  1555
  755  1962  1429
  1237  3359  3217
  323  1651  1776
  324  1777  1652
  325  1778  1653
  326  1654  1779
  807  2764  1603
  1037  1419  3388
  789  2008  1468
  851  2729  1413
  223  1413  2729
  207  1922  1525
  671  1525  1922
  208  1923  1526
  672  1526  1923
  398  2057  1536
  334  1355  2688
  780  2688  1355
  614  1394  3370
  106  2531  1470
  57  1471  2532
  148  1472  2534
  99  2537  1473
  8  1474  2533
  155  2536  1475
  50  2535  1476
  197  1477  2538
  127  2949  2438
  78  2439  2950
  29  2440  2951
  176  2952  2441
  725  2226  3043
  600  2651  1433
  601  2652  1434
  112  2861  113
  63  64  2862
  14  15  2859
  161  2860  162
  1237  3217  2203
  1238  2204  3218
  1239  3219  2205
  737  1942  1805
  651  2513  1384
  334  1839  1590
  288  3039  1864
  861  2285  2151
  864  2153  2287
  418  1616  2447
  599  2567  1345
  228  1430  2274
  622  1796  1795
  867  1795  1796
  870  1797  1798
  624  1798  1797
  1012  1419  1992
  854  1648  1866
  339  1866  1648
  834  2170  2446
  1330  1548  3244
  813  1612  3002
  1067  1398  2068
  1068  1399  2069
  695  1440  2219
  697  2220  1442
  699  1444  2221
  700  2222  1445
  500  1968  3042
  304  1635  1930
  334  3174  1839
  726  2202  2563
  726  1608  3372
  928  2597  1870
  931  2600  1872
  411  1833  2681
  869  2718  1709
  638  1883  1622
  234  1466  1963
  237  1467  1964
  651  1907  1717
  845  1710  3047
  933  1563  2055
  934  1564  2056
  136  1735  137
  87  88  1736
  38  39  1737
  185  1738  186
  543  2422  1633
  273  2253  1489
  740  1489  2253
  835  2492  2198
  258  2356  2679
  260  2357  2680
  414  3177  1813
  415  1814  3178
  416  3179  1815
  417  1816  3180
  703  1607  3124
  673  3208  1378
  674  3209  1379
  1064  2899  3003
  310  1717  1907
  885  2878  3053
  886  2879  3054
  556  1387  2186
  557  1388  2185
  328  1378  3208
  331  1379  3209
  352  1998  1425
  353  1426  1999
  354  1427  2000
  355  2001  1428
  815  2065  1408
  850  1769  1768
  623  1768  1769
  647  3086  1875
  650  3087  1878
  270  3358  2143
  790  1829  2133
  792  2134  1830
  408  2255  2168
  1036  2168  2255
  1193  3160  3168
  678  2377  1373
  755  2154  1396
  466  2114  3023
  328  3208  1381
  331  3209  1382
  596  1554  1913
  1345  1556  3233
  944  2656  1620
  945  1619  2657
  946  2658  1621
  377  1396  3337
  348  1944  2284
  349  2285  1945
  350  2286  1946
  351  1947  2287
  673  1381  3208
  674  1382  3209
  629  1789  1713
  630  1790  1714
  583  2404  3311
  621  1695  1806
  380  2545  1527
  838  1527  2545
  868  1422  2762
  222  2762  1422
  225  2763  1423
  869  1423  2763
  971  1950  2380
  213  2719  2242
  1188  3096  2886
  1187  3095  2883
  253  2430  1450
  1241  3356  2683
  433  2024  1432
  584  2366  1367
  587  2367  1368
  913  2689  3088
  764  1386  2236
  303  1377  3251
  206  1505  3050
  207  1398  3340
  208  1399  3341
  283  1617  2084
  814  2025  2589
  268  2291  2065
  1025  2244  2295
  784  1366  2887
  352  1425  2066
  355  1428  2067
  311  1883  3099
  1173  3099  1883
  992  1960  1897
  626  1897  1960
  1093  3161  2012
  1094  3162  2013
  637  1387  3221
  628  1853  1852
  968  1852  1853
  419  1981  1668
  734  1668  1981
  836  1557  2235
  747  2935  1867
  744  1951  2029
  421  2498  1726
  428  1528  2542
  429  2543  1529
  527  1513  2117
  528  1514  2118
  619  1772  2446
  346  1808  1894
  742  1894  1808
  264  2212  2716
  219  1373  2377
  1156  1496  2821
  1012  1992  2544
  649  2017  3027
  628  2032  1853
  915  1567  1917
  216  2418  1978
  861  2933  2535
  864  2538  2934
  704  1720  2093
  1039  2093  1720
  1041  1721  2094
  705  2094  1721
  706  2091  1718
  1038  1718  2091
  1040  2092  1719
  707  1719  2092
  165  1500  3397
  18  3396  1499
  1134  3397  1500
  1133  1499  3396
  1135  3398  1501
  116  1501  3398
  67  3399  1502
  1136  1502  3399
  704  1971  1506
  705  1507  1972
  706  1508  1973
  707  1974  1509
  800  1369  2443
  1105  2216  2882
  667  2066  1425
  670  2067  1428
  1431  2939  2168
  660  2009  2835
  252  2058  2811
  604  1666  1914
  755  1916  2234
  902  1478  2811
  252  2811  1478
  579  2887  1366
  605  1563  1934
  606  1564  1935
  1091  2828  2253
  678  2272  1392
  679  2273  1393
  1047  2019  1549
  464  3086  1570
  467  3087  1571
  837  2869  1380
  253  1380  2869
  914  3089  2790
  691  2303  1576
  692  1577  2304
  689  1578  2301
  690  2302  1579
  652  3335  3097
  107  1470  2045
  58  2046  1471
  147  2047  1472
  98  1473  2048
  9  2049  1474
  156  1475  2050
  49  1476  2051
  196  2052  1477
  746  2281  1394
  1212  3026  2110
  900  2364  1436
  901  2365  1437
  913  2789  2164
  915  2165  2790
  677  2901  1406
  413  1534  2092
  707  2092  1534
  411  2094  1532
  705  1532  2094
  914  2248  3089
  913  3088  2249
  513  1446  2086
  514  2087  1447
  516  1448  2088
  519  2089  1449
  1102  1843  1886
  732  2485  1374
  733  2486  1375
  472  3089  1959
  215  2244  1469
  693  2102  1438
  694  1439  2103
  696  2104  1441
  698  1443  2105
  561  3132  1470
  562  1471  3134
  565  1472  3136
  563  1474  3133
  567  3137  1473
  564  3135  1475
  566  3138  1476
  568  1477  3139
  569  2002  1505
  840  1976  2566
  508  1994  1516
  871  2004  1504
  270  1406  2685
  800  2685  1406
  754  2224  1741
  753  1742  2223
  853  1435  2782
  482  2782  1435
  559  2741  1460
  560  2742  1461
  420  2199  1411
  424  2133  1829
  425  1830  2134
  645  1536  2057
  668  1426  2557
  669  1427  2558
  744  2161  1420
  605  1395  3214
  303  2483  1377
  868  3249  1708
  769  2251  3142
  770  2252  3143
  1006  2813  1703
  410  1703  2813
  1007  1704  2814
  412  2814  1704
  656  2795  1737
  657  1738  2796
  654  1735  2793
  655  2794  1736
  671  2194  1525
  672  2195  1526
  915  2790  3021
  984  1765  3164
  327  1558  2380
  563  2927  1474
  564  1475  2929
  562  2926  1471
  567  1473  2931
  392  2898  2383
  410  2503  1703
  412  1704  2504
  413  2505  1705
  2009  3067  2835
  22  2941  1492
  169  1493  2942
  120  1494  2943
  71  2944  1495
  833  2346  1405
  477  1952  3191
  1211  3191  1952
  480  1953  3194
  1214  3194  1953
  1123  2758  2891
  328  2494  1378
  331  2495  1379
  625  2077  1891
  426  2044  1831
  794  1831  2044
  793  1679  2059
  750  1637  1907
  1038  1737  3181
  1040  3183  1738
  1039  3182  1735
  1041  1736  3184
  332  2773  1948
  333  2774  1949
  743  1913  1667
  248  1753  2180
  795  2180  1753
  796  2181  1755
  249  1755  2181
  250  2182  1754
  797  1754  2182
  251  2183  1756
  798  1756  2183
  625  1891  1686
  679  1606  2273
  307  3246  1580
  1075  1580  3246
  527  1381  2923
  528  1382  2924
  299  1792  3088
  981  3151  1496
  657  2505  1738
  656  1737  2504
  654  2503  1735
  618  2491  1771
  620  2492  1773
  559  1484  2741
  560  1485  2742
  386  2837  1747
  388  1748  2838
  389  2839  1749
  391  1750  2840
  837  1380  2510
  742  1565  1978
  1168  1921  3296
  1123  1558  2758
  498  2940  1430
  515  3060  1542
  513  1540  3058
  516  1543  3061
  514  3059  1541
  517  1544  3062
  519  3063  1545
  518  3064  1546
  520  1547  3065
  895  2015  1539
  756  2501  2144
  139  2833  140
  90  91  2834
  41  42  2831
  188  2832  189
  719  2189  2239
  939  2225  2889
  763  1914  1666
  1041  2681  1736
  968  1853  2459
  393  2459  1853
  845  3047  2172
  510  3233  3389
  1199  2438  2949
  1200  2950  2439
  1197  2951  2440
  1198  2441  2952
  558  1389  2467
  1057  1651  2910
  1058  2911  1652
  1059  2912  1653
  1060  1654  2913
  646  1537  2026
  831  3302  1383
  1052  3038  1993
  763  2162  1914
  714  2184  2214
  786  2546  1385
  780  2445  2322
  294  3154  1931
  296  3155  1932
  731  1930  1635
  786  1385  2552
  643  2347  1727
  617  1822  2390
  918  2390  1822
  618  2391  1823
  919  1823  2391
  619  1824  2392
  920  2392  1824
  620  2393  1825
  921  1825  2393
  409  3388  1419
  740  2339  1490
  422  1490  2339
  429  1529  2109
  428  2108  1528
  380  2233  1970
  923  1970  2233
  433  1843  3004
  1102  3004  1843
  1104  2297  3175
  1073  2167  2865
  747  2384  2935
  1019  1407  3285
  1078  2617  2817
  1079  2618  2818
  107  2045  108
  58  59  2046
  9  10  2049
  156  2050  157
  146  2047  147
  97  98  2048
  48  49  2051
  195  2052  196
  19  20  1875
  166  1876  167
  117  1877  118
  68  69  1878
  278  2515  2127
  1088  2127  2515
  279  2128  2516
  1089  2516  2128
  281  2517  2129
  1090  2129  2517
  555  1391  2488
  1026  2149  2761
  955  2959  1846
  956  1847  2960
  957  2961  1848
  958  1849  2962
  836  1384  2748
  1681  2984  2932
  646  2792  1537
  906  1537  2792
  780  1707  2445
  1457  2879  2465
  1458  2464  2880
  1455  2463  2877
  1456  2878  2462
  589  1386  2675
  764  2675  1386
  501  3400  2888
  735  1649  2460
  703  3124  1933
  907  1411  3169
  230  2196  2370
  1057  2370  2196
  233  2197  2373
  1060  2373  2197
  889  2650  2865
  247  2040  1581
  703  1581  2040
  234  1613  2030
  237  1614  2031
  865  2509  2761
  1644  3239  3132
  1646  3241  3138
  1645  3136  3240
  1647  3139  3242
  323  2624  1401
  324  1402  2625
  325  1403  2626
  326  2627  1404
  1125  1503  2622
  1222  2910  1651
  1223  1652  2911
  1224  1653  2912
  1225  2913  1654
  981  1496  3190
  684  2145  2139
  955  2139  2145
  685  2140  2146
  956  2146  2140
  686  2147  2141
  957  2141  2147
  687  2142  2148
  958  2148  2142
  585  1525  2194
  586  1526  2195
  271  2202  3372
  259  1573  2008
  288  2174  1592
  802  2117  1513
  805  2118  1514
  666  1595  2653
  839  2206  2938
  888  2556  1524
  676  2238  1791
  1237  2374  3359
  751  2266  1739
  752  1740  2267
  378  2899  1731
  229  1512  2265
  1219  2904  2173
  1073  2432  2167
  782  2167  2432
  846  2274  1430
  627  2161  1641
  744  1641  2161
  244  1394  2544
  1266  1959  2014
  743  3114  1390
  751  1528  2108
  752  2109  1529
  315  2673  1417
  674  1530  2254
  501  2888  1512
  521  2683  3356
  42  2661  1508
  189  1509  2662
  140  1506  2659
  91  2660  1507
  1091  3170  2828
  597  2890  2355
  323  1401  2628
  324  2629  1402
  759  2628  1401
  760  1402  2629
  325  2630  1403
  761  1403  2630
  326  1404  2631
  762  2631  1404
  675  2077  1634
  1009  2563  2202
  959  3239  2219
  963  2220  3240
  965  3241  2221
  966  2222  3242
  357  3019  3196
  1192  3214  3251
  929  1869  2726
  930  1871  2727
  230  2956  1436
  900  1436  2956
  233  2957  1437
  901  1437  2957
  831  2870  2498
  1359  2498  2870
  298  2708  1393
  1680  2983  2945
  660  1397  3317
  645  1896  2500
  299  2689  1392
  375  1496  3151
  844  3378  1674
  843  1673  3379
  841  3381  1671
  842  1672  3380
  724  2083  2411
  933  2419  2356
  872  1909  2207
  771  2207  1909
  873  2208  1910
  772  1910  2208
  773  1911  2209
  874  2209  1911
  774  2210  1912
  875  1912  2210
  345  1669  2443
  578  1681  2932
  513  1656  3116
  514  3118  1657
  516  1659  3120
  519  3123  1661
  203  1524  2130
  848  2400  1963
  849  2401  1964
  1142  3382  2466
  839  2938  2674
  1357  1572  3386
  1006  1703  2548
  1007  2549  1704
  1008  1705  2550
  735  2112  1649
  263  1649  2112
  307  1412  3246
  345  2443  1809
  1516  1994  3084
  666  2326  1574
  317  2085  2670
  1101  2670  2085
  1360  3097  3335
  247  1581  2035
  577  1680  2945
  268  1807  2291
  628  1607  2032
  703  2032  1607
  613  1574  2070
  813  3002  2300
  825  1968  1683
  705  1972  2644
  707  2645  1974
  612  1886  1843
  715  1401  2624
  716  2625  1402
  717  2626  1403
  718  1404  2627
  642  1730  1943
  346  1894  3043
  1231  3019  2969
  128  1925  129
  79  80  1926
  30  31  1927
  177  1928  178
  555  2214  1504
  255  1559  2413
  767  2413  1559
  256  2415  1560
  254  2412  1561
  768  1560  2415
  765  1561  2412
  257  1562  2414
  766  2414  1562
  689  2301  1783
  690  1786  2302
  691  1784  2303
  692  2304  1785
  848  2732  2400
  849  2733  2401
  397  1424  3322
  1300  1716  3389
  830  1411  2521
  121  2395  122
  72  73  2396
  170  2397  171
  23  24  2398
  830  1409  2497
  300  2917  1762
  1035  1762  2917
  967  3032  1734
  344  1627  2428
  11  1438  2634
  158  2635  1439
  109  2632  1440
  60  1441  2633
  145  1442  2636
  96  2637  1443
  47  2638  1444
  194  1445  2639
  203  2827  1524
  888  1524  2827
  505  3190  1496
  1053  2837  2228
  1055  2839  2230
  1054  2229  2838
  1056  2231  2840
  2144  2501  3227
  573  2663  1670
  881  1995  2159
  739  2159  1995
  407  1767  3114
  362  1623  2039
  1114  2290  2757
  360  2036  1624
  361  1625  2037
  363  2038  1626
  334  1590  2090
  312  2937  1791
  800  1406  2699
  210  2864  2099
  1150  2099  2864
  969  3040  1408
  680  1586  2284
  859  2284  1586
  681  2285  1587
  861  1587  2285
  682  2286  1588
  863  1588  2286
  683  1589  2287
  864  2287  1589
  471  2789  2249
  702  1511  2313
  825  2216  2730
  487  3173  3158
  558  3258  1421
  427  1642  2410
  853  2381  1435
  999  2294  2169
  799  2169  2294
  722  1834  1954
  723  1955  1835
  724  1836  1956
  677  1538  2901
  246  1574  2326
  320  1760  3031
  600  1762  2651
  601  1763  2652
  555  3395  1412
  704  1506  2833
  705  2834  1507
  706  2831  1508
  707  1509  2832
  889  2122  2650
  577  3394  1948
  1256  1948  3394
  644  1994  1728
  997  2967  2292
  998  2968  2293
  537  1597  2878
  538  1598  2879
  701  1766  2171
  380  1527  2233
  724  3296  2083
  392  1641  2029
  348  2284  2928
  350  2930  2286
  3271  3373  1020
  3272  1021  3374
  3273  3375  1022
  3274  1023  3376
  970  2836  2023
  3373  2305  1020
  3374  1021  2306
  3375  2307  1022
  3376  1023  2308
  829  2265  1512
  354  3030  2558
  167  2329  168
  20  21  2328
  118  2330  119
  69  70  2331
  722  1463  3297
  723  3298  1464
  724  1465  3299
  394  2468  1730
  855  1730  2468
  573  1670  2023
  896  3069  1414
  238  1414  3069
  897  1415  3070
  239  3070  1415
  898  3071  1416
  241  1416  3071
  688  1596  2378
  407  1962  2234
  709  1805  1942
  1047  3031  1760
  647  2245  1570
  650  2246  1571
  1048  3025  2328
  1049  2329  3026
  1050  2330  3027
  1051  3028  2331
  1129  3290  2176
  1130  2177  3291
  1131  3292  2178
  922  2106  1618
  970  2023  1670
  282  3405  2106
  1335  2106  3405
  24  1455  2398
  171  2397  1456
  122  2395  1457
  73  1458  2396
  695  2219  1747
  697  1748  2220
  699  2221  1749
  700  1750  2222
  787  2679  1451
  791  2680  1453
  891  2837  2610
  892  2611  2838
  893  2839  2612
  894  2613  2840
  779  2489  2955
  246  2812  1409
  558  2239  1539
  709  2124  1805
  570  2254  1530
  721  1462  3359
  447  1463  3360
  448  3361  1464
  291  2250  1859
  752  1529  2421
  541  2421  1529
  540  1528  2420
  751  2420  1528
  300  3303  1550
  301  3304  1551
  751  2710  2420
  752  2421  2711
  753  2422  2713
  754  2712  2423
  1000  2461  2545
  753  2298  1633
  749  1924  1980
  968  1430  3243
  228  3243  1430
  847  2500  1429
  824  1417  3228
  449  1465  2411
  625  1634  2077
  1008  2997  1705
  413  1705  2997
  223  2919  1413
  1229  3018  2916
  1031  2267  2413
  1030  2412  2266
  973  1446  3275
  974  3276  1447
  975  1448  3277
  976  3278  1449
  438  2863  1759
  201  2313  1511
  1017  1550  3303
  1018  1551  3304
  518  3237  1662
  517  1660  3236
  520  1663  3238
  1105  2730  2216
  1159  1576  2303
  1160  2304  1577
  1161  2301  1578
  1162  1579  2302
  1751  3202  3315
  1752  3203  3316
  108  2045  2632
  59  2633  2046
  10  2634  2049
  157  2050  2635
  146  2636  2047
  97  2048  2637
  48  2051  2638
  195  2639  2052
  846  1430  2940
  1310  1799  2399
  513  3058  1656
  514  1657  3059
  518  1662  3064
  517  3062  1660
  520  3065  1663
  515  1658  3060
  519  1661  3063
  516  3061  1659
  418  2427  1616
  785  1616  2427
  132  2874  1671
  83  1672  2873
  34  1673  2872
  181  2871  1674
  127  2438  128
  78  79  2439
  29  30  2440
  176  2441  177
  1025  2295  1538
  308  1421  3403
  643  1727  2751
  1147  3383  2172
  680  1582  2972
  681  2973  1583
  680  2974  1586
  681  1587  2975
  682  2976  1584
  683  1585  2978
  682  1588  2977
  683  2979  1589
  662  1520  3286
  1001  3286  1520
  663  3287  1521
  1002  1521  3287
  664  1522  3288
  1003  3288  1522
  665  3289  1523
  1004  1523  3289
  688  3173  1655
  679  2810  1606
  1000  3369  2891
  835  3349  1454
  353  2557  1426
  354  2558  1427
  115  2603  1501
  66  1502  2604
  17  1499  2601
  164  2602  1500
  735  1554  2354
  736  1555  2355
  816  2237  2288
  1000  2288  2237
  1424  2416  3323
  502  3323  2416
  420  1696  2064
  720  2064  1696
  1012  2544  2620
  833  2491  2346
  691  1576  2872
  692  2871  1577
  689  2874  1578
  690  1579  2873
  675  1634  3099
  238  1954  1834
  239  1835  1955
  241  1956  1836
  531  3366  1423
  910  1697  2469
  911  1698  2470
  375  2821  1496
  793  1454  2511
  1215  1751  2066
  1216  1752  2067
  498  3314  2940
  923  2345  1970
  641  1970  2345
  902  2447  1478
  313  1420  3150
  1470  2531  3393
  1472  3392  2534
  497  2573  2448
  1191  2448  2573
  702  3206  1511
  769  2477  2251
  1078  2251  2477
  1079  2252  2478
  770  2478  2252
  777  3187  2953
  778  2954  3188
  367  2059  1701
  727  1531  2319
  729  2320  1533
  1072  1900  3400
  959  3132  3239
  965  3138  3241
  963  3240  3136
  966  3242  3139
  916  1515  2347
  549  3297  1463
  550  1464  3298
  551  3299  1465
  1029  2243  1717
  504  3077  1983
  1149  1983  3077
  503  3076  1982
  1147  1982  3076
  21  2846  2328
  168  2329  2847
  119  2330  2848
  70  2849  2331
  222  1422  2970
  135  2793  136
  86  87  2794
  37  38  2795
  184  2796  185
  22  1492  2846
  169  2847  1493
  120  2848  1494
  71  1495  2849
  959  1440  2632
  961  2633  1441
  960  2634  1438
  962  1439  2635
  963  2636  1442
  964  1443  2637
  965  1444  2638
  966  2639  1445
  137  1735  3182
  88  3184  1736
  39  3181  1737
  186  1738  3183
  580  3226  1569
  1230  2746  1766
  904  2402  1664
  833  2575  1452
  922  1611  2190
  372  1709  2718
  422  1599  2437
  775  2437  1599
  923  1535  2345
  469  2886  3096
  468  2883  3095
  580  1573  3226
  715  2440  1927
  716  1928  2441
  717  1925  2438
  718  2439  1926
  1258  2173  2174
  653  2174  2173
  438  3334  2863
  513  3116  1446
  514  1447  3118
  516  3120  1448
  519  1449  3123
  254  2266  2412
  255  2413  2267
  259  3128  1573
  840  2276  1568
  358  3018  3225
  22  23  2941
  169  2942  170
  120  2943  121
  71  72  2944
  856  1804  2876
  1414  3110  2156
  1415  2157  3111
  1416  3112  2158
  781  1976  2179
  840  2179  1976
  1362  1895  3204
  979  3176  2619
  1265  1958  2121
  368  2004  2707
  771  2601  1499
  772  1500  2602
  773  1501  2603
  774  2604  1502
  1505  2002  3050
  352  2066  1751
  355  2067  1752
  2078  3286  3229
  2079  3230  3287
  2080  3288  3231
  2081  3232  3289
  916  2347  1975
  643  1975  2347
  730  1534  2408
  1053  2228  2455
  820  2455  2228
  1054  2456  2229
  1055  2230  2457
  821  2229  2456
  822  2457  2230
  1056  2458  2231
  823  2231  2458
  1236  2017  2114
  1133  3396  1875
  1134  1876  3397
  1135  1877  3398
  1136  3399  1878
  781  2297  1733
  202  1733  2297
  26  27  2801
  173  2800  174
  124  2802  125
  75  76  2803
  1071  3013  2090
  607  1637  2321
  750  2321  1637
  321  2016  2653
  1045  2653  2016
  499  2519  2471
  1163  2471  2519
  815  2325  1593
  365  1468  3282
  836  2748  1557
  216  1557  2748
  334  2688  1459
  131  2874  132
  82  83  2873
  33  34  2872
  180  2871  181
  1011  3088  1792
  257  2414  2223
  256  2224  2415
  1032  2223  2414
  1033  2415  2224
  612  1764  2236
  764  2236  1764
  655  1736  2681
  561  1644  3132
  566  1646  3138
  565  3136  1645
  568  3139  1647
  935  2482  2111
  720  2244  2064
  627  1641  2383
  903  3189  1487
  888  1761  2556
  403  2556  1761
  789  1452  3266
  658  1460  2741
  659  1461  2742
  648  2110  3026
  1240  2110  2018
  286  3055  1460
  289  3056  1461
  634  1466  3082
  635  1467  3083
  384  2078  3229
  385  3230  2079
  387  2080  3231
  390  3232  2081
  872  2859  1909
  873  1910  2860
  874  1911  2861
  875  2862  1912
  728  3024  1532
  413  2408  1534
  243  1810  2154
  431  1633  2298
  753  1633  2422
  114  2603  115
  65  66  2604
  16  17  2601
  163  2602  164
  262  2323  2025
  559  1460  3342
  560  1461  3343
  410  2813  2319
  412  2320  2814
  561  1470  3393
  565  3392  1472
  721  3359  2374
  641  1819  2547
  548  1553  2667
  617  2334  1568
  347  1715  2552
  1043  1757  2366
  1044  1758  2367
  1185  2955  2489
  689  1671  2874
  690  2873  1672
  691  2872  1673
  692  1674  2871
  1376  1839  3174
  1119  1957  3100
  937  3030  1598
  354  1598  3030
  1062  2923  3090
  771  1499  2539
  772  2540  1500
  774  1502  2541
  286  1689  3055
  997  3055  1689
  289  1691  3056
  998  3056  1691
  743  1667  2211
  566  1476  2933
  568  2934  1477
  710  2702  1620
  712  1619  2700
  713  2701  1621
  769  2240  1787
  436  1787  2240
  770  2241  1788
  437  1788  2241
  344  2428  1854
  487  1655  3173
  214  2768  2621
  1295  2621  2768
  935  1941  2614
  218  1811  2983
  221  1812  2984
  376  2235  1636
  1108  2420  2710
  1109  2711  2421
  1111  2713  2422
  1110  2423  2712
  982  3315  3202
  983  3316  3203
  851  3320  2020
  478  3192  2137
  1212  2137  3192
  645  2057  1896
  134  1479  2822
  85  2823  1480
  36  2824  1481
  183  1482  2825
  841  1479  2754
  842  2755  1480
  843  2753  1481
  844  1482  2752
  1093  3029  3161
  523  1479  2963
  841  2963  1479
  842  1480  2964
  524  2964  1480
  525  2965  1481
  843  1481  2965
  844  2966  1482
  526  1482  2966
  1132  2215  3293
  765  2071  1783
  766  1786  2072
  767  1784  2073
  768  2074  1785
  844  2752  3378
  843  3379  2753
  841  2754  3381
  842  3380  2755
  407  3114  2211
  1182  2390  2690
  918  2690  2390
  1183  2691  2391
  919  2391  2691
  1184  2392  2692
  920  2692  2392
  921  2393  2693
  1185  2693  2393
  902  3041  2447
  726  2340  1608
  1191  1669  2448
  908  2448  1669
  816  2417  1594
  661  1854  2428
  641  2345  1819
  369  2015  3247
  902  1486  2914
  903  1487  2915
  652  2903  2053
  1106  2053  2903
  1107  2054  2904
  653  2904  2054
  745  1980  1924
  583  2445  1707
  1313  2756  3129
  838  2747  1967
  374  2436  2022
  209  2614  1530
  626  2238  1897
  1187  1881  3095
  1188  1882  3096
  262  1695  2409
  42  43  2661
  189  2662  190
  140  2659  141
  91  92  2660
  527  1550  2475
  528  1551  2476
  103  1743  2972
  54  2973  1744
  5  2974  1743
  53  1744  2975
  151  2976  1745
  102  1746  2978
  152  1745  2977
  200  2979  1746
  315  1488  2775
  711  1688  2776
  1074  2682  2289
  902  2811  1486
  927  2969  3019
  274  1984  3275
  275  3276  1986
  277  1988  3277
  280  3278  1990
  747  2332  2291
  229  3346  1512
  992  1512  3346
  661  2428  3093
  984  1687  2227
  793  2059  2135
  616  2819  1491
  899  2025  2323
  612  2236  1886
  103  2972  104
  54  55  2973
  150  2976  151
  101  102  2978
  52  53  2975
  5  6  2974
  199  2979  200
  152  2977  153
  1271  1885  3167
  828  3066  2442
  556  1518  3367
  557  1519  3368
  1231  3196  3019
  245  2138  1782
  741  1782  2138
  19  1875  3396
  166  3397  1876
  117  3398  1877
  68  1878  3399
  1377  1655  3251
  795  2527  1628
  348  1628  2527
  796  2528  1629
  349  1629  2528
  797  1630  2529
  350  2529  1630
  798  1631  2530
  351  2530  1631
  376  2389  1575
  876  2659  1506
  877  1507  2660
  878  1508  2661
  879  2662  1509
  881  2512  1995
  1024  3163  2724
  1580  2137  3149
  357  1609  3019
  927  3019  1609
  421  1608  2340
  820  1753  2455
  248  2455  1753
  250  1754  2456
  821  2456  1754
  249  2457  1755
  822  1755  2457
  251  1756  2458
  823  2458  1756
  680  2972  1743
  681  1744  2973
  680  1743  2974
  681  2975  1744
  682  2977  1745
  682  1745  2976
  683  2978  1746
  683  1746  2979
  932  3018  1615
  358  1615  3018
  495  3385  2243
  754  2423  1899
  636  2121  1958
  474  2172  3383
  378  2378  1596
  287  3097  2506
  1360  2506  3097
  742  2596  1565
  1048  2846  1492
  1049  1493  2847
  1050  1494  2848
  1051  2849  1495
  1163  1715  2471
  909  2471  1715
  985  2213  2327
  757  2327  2213
  1038  3181  1718
  1040  1719  3183
  40  1718  3181
  187  3183  1719
  1039  1720  3182
  138  3182  1720
  1041  3184  1721
  89  1721  3184
  454  3148  1908
  1097  1908  3148
  340  1937  2071
  342  2073  1939
  343  1940  2074
  341  2072  1938
  1591  3335  2053
  219  1805  2124
  1366  2499  1820
  799  1857  2449
  993  1492  2941
  994  2942  1493
  995  2943  1494
  996  1495  2944
  644  2389  3084
  1189  1957  3337
  377  3337  1957
  978  3167  1885
  246  2326  2812
  782  1916  2167
  377  2167  1916
  661  3093  1497
  327  2171  1766
  745  1924  2149
  903  2805  1668
  419  1668  2805
  933  2021  2419
  559  2292  2187
  942  2187  2292
  560  2293  2188
  943  2188  2293
  938  1896  2057
  662  1984  1985
  1013  1985  1984
  663  1987  1986
  1014  1986  1987
  664  1988  1989
  1015  1989  1988
  1016  1990  1991
  665  1991  1990
  552  2487  2672
  1190  2672  2487
  1171  2572  1993
  224  1993  2572
  828  2324  3066
  801  2664  1915
  235  3046  1504
  871  1504  3046
  1285  2243  3385
  678  1844  2615
  679  1845  2616
  934  1794  2170
  404  2170  1794
  1135  1501  3023
  829  1512  2888
  637  2014  1959
  817  2162  2028
  1226  2619  3176
  676  1791  2937
  830  2029  1951
  1029  1517  3377
  923  2233  1803
  784  2887  1510
  1020  1520  2734
  1021  2735  1521
  1022  1522  2736
  1023  2737  1523
  767  1559  2893
  768  2894  1560
  765  2895  1561
  766  1562  2896
  421  2340  2498
  706  1718  2831
  707  2832  1719
  704  2833  1720
  705  1721  2834
  880  1511  2875
  1189  3100  1957
  443  2891  2758
  586  2740  1526
  114  1911  2603
  65  2604  1912
  16  2601  1909
  163  1910  2602
  386  1747  2219
  388  2220  1748
  389  1749  2221
  391  2222  1750
  932  2916  3018
  454  1908  2875
  818  2591  1680
  218  1680  2591
  221  1681  2593
  819  2593  1681
  1011  1792  2185
  557  2185  1792
  1010  1793  2186
  556  2186  1793
  2020  3320  2623
  977  2484  3043
  548  2667  1615
  895  1539  3052
  236  3052  1539
  856  2876  1517
  916  1617  3125
  231  1566  3079
  912  3079  1566
  232  1567  3080
  915  3080  1567
  332  2348  1855
  810  1855  2348
  333  2349  1856
  811  1856  2349
  916  3125  1515
  917  3126  1516
  340  2335  1937
  841  1937  2335
  341  1938  2336
  842  2336  1938
  342  1939  2337
  343  2338  1940
  843  2337  1939
  844  1940  2338
  310  3109  1517
  702  1665  3206
  926  2198  1827
  230  1513  2956
  233  1514  2957
  946  3129  2756
  759  1559  2576
  760  2577  1560
  255  2576  1559
  256  1560  2577
  761  2578  1561
  254  1561  2578
  762  1562  2579
  257  2579  1562
  947  3116  1656
  948  1657  3118
  950  3120  1659
  953  1661  3123
  671  2010  2194
  672  2011  2195
  583  1600  2445
  905  3142  1536
  906  3143  1537
  726  2563  1800
  749  2155  1924
  802  2989  2341
  803  2343  2991
  804  2342  2990
  805  2992  2344
  1296  1893  3391
  781  1733  2299
  240  1600  2473
  759  2586  1559
  760  1560  2587
  761  1561  2585
  762  2588  1562
  207  3340  1922
  208  3341  1923
  1260  3158  3173
  382  2490  1591
  1470  3132  2045
  1471  2046  3134
  1472  2047  3136
  1473  3137  2048
  1474  2049  3133
  1475  3135  2050
  1476  3138  2051
  1477  2052  3139
  315  1682  2673
  399  2885  2026
  445  1565  2596
  1001  1520  3033
  1002  3034  1521
  1003  1522  3035
  1004  3036  1523
  924  2817  2617
  925  2818  2618
  545  1603  2764
  969  2291  2332
  959  2632  2045
  961  2046  2633
  960  2049  2634
  962  2635  2050
  963  2047  2636
  964  2637  2048
  965  2638  2051
  966  2052  2639
  261  1679  2511
  793  2511  1679
  736  1650  2744
  607  2321  1702
  1649  2841  2460
  1127  2722  3031
  852  3234  3195
  121  2943  2395
  72  2396  2944
  23  2398  2941
  170  2942  2397
  41  2831  1718
  139  1720  2833
  188  1719  2832
  90  2834  1721
  422  2339  2510
  395  1862  2213
  757  2213  1862
  444  2901  1538
  264  1768  2568
  872  1540  2859
  873  2860  1541
  874  2861  1542
  875  1543  2862
  923  3145  1535
  905  1536  3144
  645  3144  1536
  788  2041  2132
  790  2133  2042
  792  2043  2134
  793  2135  2044
  223  2729  2387
  411  1532  3024
  346  2226  3185
  832  2356  2419
  213  2333  2454
  985  2382  2472
  1483  3216  2829
  236  3250  1553
  1118  2428  1627
  405  1827  2198
  1984  3009  3275
  1986  3276  3010
  1988  3011  3277
  1990  3278  3012
  14  1540  3105
  161  3106  1541
  1336  3105  1540
  1337  1541  3106
  112  3107  1542
  1338  1542  3107
  63  1543  3108
  1339  3108  1543
  1340  3103  1544
  142  1544  3103
  1341  1545  3104
  93  3104  1545
  1342  1546  3101
  44  3101  1546
  1343  3102  1547
  191  1547  3102
  1431  3003  2939
  598  2939  3003
  886  2465  2879
  887  2880  2464
  884  2877  2463
  885  2462  2878
  1076  2829  3216
  980  3339  2201
  262  2409  1822
  1414  2765  3110
  574  3110  2765
  1415  3111  2766
  575  2766  3111
  1416  2767  3112
  576  3112  2767
  367  2135  2059
  902  2200  3041
  872  3058  1540
  873  1541  3059
  874  1542  3060
  875  3061  1543
  876  3062  1544
  877  1545  3063
  878  1546  3064
  879  3065  1547
  346  3185  2277
  626  1791  2238
  400  1690  2364
  401  1692  2365
  627  2383  1851
  881  2280  2512
  693  2086  3005
  694  3006  2087
  696  2088  3007
  698  3008  2089
  262  1822  2276
  828  2850  1638
  323  1675  2624
  324  2625  1676
  325  2626  1677
  326  1678  2627
  1061  2758  1558
  866  2388  2111
  935  2111  2388
  487  3158  3127
  432  2352  1764
  764  1764  2352
  263  2640  1795
  265  2641  1797
  283  2084  2948
  939  2496  2026
  1091  2474  3170
  1606  3045  2273
  430  3129  1621
  946  1621  3129
  978  2168  2939
  1034  2620  2980
  1052  1993  2403
  224  2403  1993
  1093  2425  3029
  1094  3030  2426
  313  3150  1556
  433  3004  2024
  926  2353  2198
  406  1867  2566
  899  2566  1867
  373  2149  1924
  1278  2058  3141
  666  2024  2326
  850  2623  1769
  371  1769  2623
  368  2707  1569
  1146  2815  2936
  884  1639  2877
  536  2877  1639
  887  1640  2880
  539  2880  1640
  581  3202  1751
  582  3203  1752
  687  2242  1816
  806  1789  2986
  808  1790  2987
  219  2709  1805
  801  2572  2678
  903  1668  2430
  756  2144  2723
  739  1995  3220
  373  1924  2155
  264  2568  1824
  321  2653  1595
  826  1580  2676
  488  2431  2714
  1158  2714  2431
  736  2744  1712
  619  2446  1664
  1082  2024  3004
  1164  2921  1868
  824  2403  1880
  224  1880  2403
  263  1823  2640
  265  1825  2641
  868  1996  3249
  832  2419  2334
  747  1867  2332
  987  1813  3177
  988  3178  1814
  989  1815  3179
  990  3180  1816
  352  3315  1639
  355  3316  1640
  838  2545  2461
  329  2599  2342
  330  2598  2343
  1085  2342  2599
  1084  2343  2598
  605  3159  1563
  606  3160  1564
  489  1846  2610
  891  2610  1846
  490  2611  1847
  491  1848  2612
  892  1847  2611
  893  2612  1848
  492  2613  1849
  894  1849  2613
  937  1864  3039
  235  1610  3357
  338  3296  1921
  726  1800  2340
  439  1783  2301
  440  2302  1786
  441  2303  1784
  442  1785  2304
  1247  1933  3124
  363  2645  2038
  362  2039  2644
  217  2730  2324
  1105  2324  2730
  430  2698  1899
  247  2806  2870
  1359  2870  2806
  573  1601  2663
  865  2761  1817
  1171  2678  2572
  603  2684  1599
  403  1761  2346
  219  3300  2709
  934  2170  2357
  834  2357  2170
  835  2198  2353
  461  1879  2791
  226  1734  2671
  845  2671  1734
  970  1670  3156
  214  3156  1670
  352  1639  3073
  355  1640  3074
  649  2114  2017
  648  2018  2110
  1082  2812  2326
  899  2323  2566
  215  2799  2295
  1119  2295  2799
  1000  2237  3369
  645  1929  3144
  407  2551  1767
  10  11  2634
  157  2635  158
  47  48  2638
  194  2639  195
  145  2636  146
  96  97  2637
  108  2632  109
  59  60  2633
  595  2499  1726
  784  1726  2499
  740  2828  1850
  629  1713  2400
  630  1714  2401
  318  1711  2866
  905  2866  1711
  544  2095  2282
  546  2097  2283
  253  2027  3189
  924  2617  1931
  540  1931  2617
  925  2618  1932
  542  1932  2618
  1229  3225  3018
  2201  3339  2805
  470  2449  1857
  406  2166  2332
  969  2332  2166
  579  3352  2887
  932  1615  2667
  572  1567  3162
  754  1899  2698
  731  2431  1930
  802  2450  2989
  803  2991  2451
  804  2990  2452
  805  2453  2992
  1124  1868  2921
  369  2279  2159
  881  2159  2279
  180  1577  2871
  33  2872  1576
  131  1578  2874
  82  2873  1579
  1370  3195  3234
  434  2278  2589
  647  1570  3086
  650  1571  3087
  283  3125  1617
  1027  1570  3091
  1028  1571  3092
  1510  2887  3352
  739  3220  2791
  646  1782  3204
  684  2099  3261
  685  3262  2100
  686  2101  3263
  375  1975  2381
  357  1657  3131
  948  3131  1657
  1048  2328  2846
  1049  2847  2329
  1050  2848  2330
  1051  2331  2849
  340  2071  2358
  341  2359  2072
  342  2360  2073
  343  2074  2361
  618  1697  2491
  620  1698  2492
  1010  3344  3089
  1183  2953  3187
  1184  3188  2954
  784  1638  2677
  613  3386  1595
  782  2234  1916
  1035  3332  2255
  375  3151  1601
  991  3067  1794
  404  1794  3067
  405  3146  1687
  787  2132  2041
  789  2042  2133
  791  2134  2043
  794  2044  2135
  794  2135  2215
  353  2425  2557
  1093  2557  2425
  358  1658  3147
  949  3147  1658
  392  2521  2826
  1360  3335  1591
  1361  1592  3336
  684  3261  2145
  685  2146  3262
  686  3263  2147
  104  2972  1582
  55  1583  2973
  150  1584  2976
  101  2978  1585
  6  1586  2974
  52  2975  1587
  199  1589  2979
  153  2977  1588
  735  2460  1711
  751  1739  2710
  752  2711  1740
  753  2713  1742
  754  1741  2712
  600  1841  2787
  601  1842  2788
  854  2594  1648
  429  2700  1619
  430  1621  2701
  428  1620  2702
  378  1596  2899
  544  3210  1602
  546  3211  1604
  1078  2817  2251
  1079  2818  2252
  119  2848  120
  70  71  2849
  168  2847  169
  21  22  2846
  658  2217  1952
  659  2218  1953
  545  2764  1610
  419  2314  2571
  1052  2571  2314
  307  1580  3149
  414  2734  1985
  415  1987  2735
  416  2736  1989
  417  1991  2737
  654  1703  2503
  656  2504  1704
  657  1705  2505
  398  2884  2057
  288  1592  3039
  673  3050  2002
  1269  2751  2769
  227  2769  2751
  220  1606  2810
  795  1628  2694
  563  2694  1628
  562  2695  1629
  796  1629  2695
  564  1630  2696
  797  2696  1630
  567  1631  2697
  798  2697  1631
  571  1591  3329
  285  3126  1693
  788  2176  2041
  790  2042  2177
  792  2178  2043
  763  2028  2162
  421  2850  1608
  828  1608  2850
  478  2290  2854
  1114  2854  2290
  477  3200  1952
  480  3201  1953
  634  3212  1963
  635  3213  1964
  753  2223  2298
  544  1613  3210
  546  1614  3211
  1117  2437  2655
  775  2655  2437
  353  3053  1597
  354  3054  1598
  782  2551  2234
  740  1850  2339
  722  3297  1834
  723  1835  3298
  724  3299  1836
  820  1644  2777
  561  2777  1644
  821  2779  1645
  822  1646  2778
  565  1645  2779
  566  2778  1646
  823  2780  1647
  568  1647  2780
  431  1688  2678
  801  2678  1688
  1065  2194  2010
  1066  2195  2011
  1156  2379  3326
  364  2041  2176
  365  2177  2042
  366  2043  2178
  245  2496  2889
  406  2332  1867
  367  1701  2564
  547  1605  2988
  923  1803  3145
  1103  2993  2275
  20  2328  1875
  167  1876  2329
  118  1877  2330
  69  2331  1878
  242  2399  1799
  369  3247  1806
  1249  1807  2981
  1149  3384  2429
  588  1611  3406
  264  2716  1768
  850  1768  2716
  382  2615  1844
  383  2616  1845
  867  1796  2717
  370  2717  1796
  172  2462  173
  25  26  2463
  74  75  2464
  123  2465  124
  282  2300  3405
  1291  3405  2300
  986  3045  1606
  899  1867  2935
  1158  2881  3081
  758  3391  1893
  680  2284  1944
  681  1945  2285
  682  1946  2286
  683  2287  1947
  781  2299  1976
  493  3002  1612
  1000  2545  2288
  845  1734  2922
  734  2673  1682
  883  2932  2984
  951  3236  1660
  952  1662  3237
  954  3238  1663
  1259  3406  2160
  314  3124  1607
  349  3171  1629
  351  1631  3172
  357  3131  1609
  1082  3113  2812
  1193  3404  2056
  488  2056  3404
  437  2744  1650
  510  3389  1618
  867  2841  1649
  1030  2266  2108
  1031  2109  2267
  264  1824  2402
  748  1898  3205
  824  2571  2403
  1104  3175  2021
  402  2021  3175
  890  2472  2382
  1097  2820  1908
  1024  2387  2427
  785  2427  2387
  1118  3093  2428
  358  3147  1615
  646  3204  1895
  918  1822  2409
  806  3210  1613
  808  3211  1614
  1036  2255  3356
  209  3328  2482
  1353  2482  3328
  967  1851  2383
  870  1650  2783
  918  1918  2690
  335  2690  1918
  919  2691  1919
  336  1919  2691
  920  1920  2692
  337  2692  1920
  921  2693  1921
  338  1921  2693
  290  1858  2405
  292  2406  1860
  293  1861  2407
  982  1639  3315
  983  1640  3316
  1037  1763  3333
  301  3333  1763
  562  1629  2926
  563  1628  2927
  348  2928  1628
  564  2929  1630
  350  1630  2930
  567  2931  1631
  772  3196  2540
  380  1970  2417
  481  2275  2993
  1046  1833  3260
  411  3260  1833
  319  3350  1895
  701  3226  3128
  1573  3128  3226
  205  2655  1765
  1034  2193  2725
  409  2725  2193
  882  2945  2983
  357  3196  2208
  445  3085  2921
  105  2531  106
  56  57  2532
  7  8  2533
  148  2534  149
  50  51  2535
  154  2536  155
  99  100  2537
  197  2538  198
  373  1817  2761
  784  2677  1726
  742  1808  2596
  245  1782  2496
  1075  2488  1874
  847  1929  2500
  645  2500  1929
  455  2665  1757
  456  2666  1758
  384  3229  2522
  1314  2522  3229
  385  2524  3230
  387  3231  2523
  1316  2523  3231
  1315  3230  2524
  1317  3232  2525
  390  2525  3232
  776  1828  2433
  777  1829  2434
  778  2435  1830
  304  2980  1635
  757  1862  2410
  972  3279  3353
  857  3393  2531
  860  2534  3392
  406  1976  2299
  745  2149  2948
  953  1623  3267
  362  3267  1623
  872  1656  3058
  873  3059  1657
  874  3060  1658
  875  1659  3061
  876  1660  3062
  877  3063  1661
  878  3064  1662
  879  1663  3065
  1052  2403  2571
  951  3268  1624
  360  1624  3268
  952  1625  3269
  361  3269  1625
  954  3270  1626
  363  1626  3270
  536  1639  3324
  982  3324  1639
  539  1640  3325
  983  3325  1640
  367  2215  2135
  884  3073  1639
  887  3074  1640
  794  2454  1831
  1025  2064  2244
  263  2469  1823
  265  2470  1825
  211  2434  2480
  212  2481  2435
  431  2776  1688
  379  1969  2325
  788  1828  2479
  210  2479  1828
  311  3099  1634
  462  2144  3072
  1096  3072  2144
  585  1722  3094
  929  3094  1722
  917  1693  3126
  910  2469  2112
  263  2112  2469
  911  2470  2113
  265  2113  2470
  421  1726  2677
  767  2893  1784
  768  1785  2894
  765  1783  2895
  766  2896  1786
  556  3367  2068
  557  3368  2069
  946  2756  3366
  1996  2717  3249
  454  1665  2971
  977  1826  2484
  406  2299  2166
  947  2095  3117
  948  3119  2096
  950  2097  3121
  953  3122  2098
  265  1797  2783
  870  2783  1797
  595  1820  2499
  1062  3090  2385
  454  3206  1665
  942  2967  1841
  400  1841  2967
  943  2968  1842
  401  1842  2968
  688  2378  2985
  457  1774  2686
  458  1775  2687
  871  2798  2707
  666  2653  3387
  328  2341  2770
  331  2344  2771
  1115  3308  1643
  396  2828  3170
  751  2108  2266
  752  2267  2109
  386  3239  1644
  388  1645  3240
  389  3241  1646
  391  1647  3242
  434  2280  2278
  881  2278  2280
  758  2016  3391
  222  2477  2762
  225  2478  2763
  725  2120  2416
  393  1800  2563
  1074  2467  1879
  283  2948  3382
  1035  2651  1762
  1037  2652  1763
  597  1687  2890
  776  2864  1828
  227  1804  2769
  856  2769  1804
  735  2354  2112
  736  2355  2113
  1231  2969  2232
  1083  2770  2341
  1086  2771  2344
  947  2282  2095
  950  2283  2097
  218  2983  1680
  221  2984  1681
  1255  3314  3257
  777  2953  1829
  778  1830  2954
  779  2955  1831
  775  1765  2655
  356  3264  1656
  947  1656  3264
  359  3265  1659
  950  1659  3265
  403  1818  2556
  327  2380  1950
  754  2698  2224
  953  3267  1661
  362  1661  3267
  951  1660  3268
  360  3268  1660
  952  3269  1662
  361  1662  3269
  954  1663  3270
  363  3270  1663
  1192  3251  1655
  987  2559  1813
  988  1814  2560
  989  2561  1815
  781  2179  3175
  814  2278  2279
  881  2279  2278
  1005  3323  2107
  1065  2010  3095
  468  3095  2010
  1066  2011  3096
  469  3096  2011
  536  3364  2877
  537  2878  3365
  538  2879  3362
  539  3363  2880
  533  2710  1739
  532  1740  2711
  534  2712  1741
  535  1742  2713
  378  1731  2745
  871  2707  2004
  378  2745  1732
  590  2958  1694
  631  3279  1701
  972  1701  3279
  1459  3353  3279
  1082  2326  2024
  647  3025  2245
  650  3028  2246
  737  2920  1874
  750  2424  2321
  268  2936  2815
  478  2137  2290
  826  2290  2137
  911  3146  1698
  405  1698  3146
  813  2745  1731
  132  1671  3381
  83  3380  1672
  181  1674  3378
  34  3379  1673
  985  2472  2213
  1455  2877  3364
  1456  3365  2878
  1458  2880  3363
  1457  3362  2879
  274  2998  1984
  1013  1984  2998
  275  1986  2999
  1014  2999  1986
  277  3000  1988
  1015  1988  3000
  1411  2199  3169
  920  1824  2568
  653  2173  2904
  320  3031  2722
  455  2569  2200
  979  2200  2569
  456  2570  2201
  980  2201  2570
  845  2922  1710
  286  3318  1689
  289  3319  1691
  1053  2455  2305
  248  2305  2455
  249  2307  2457
  1054  2306  2456
  250  2456  2306
  1055  2457  2307
  251  2458  2308
  1056  2308  2458
  128  2438  1925
  79  1926  2439
  30  1927  2440
  177  2441  1928
  854  1979  2520
  204  2520  1979
  615  3312  1683
  1113  1684  3200
  1116  1685  3201
  280  1990  3017
  1016  3017  1990
  479  2553  3308
  585  3094  1699
  1218  2709  3300
  787  1965  2679
  791  1966  2680
  136  2793  1735
  87  1736  2794
  38  1737  2795
  185  2796  1738
  1153  2411  2083
  581  1689  3202
  582  1691  3203
  999  2444  2493
  742  1978  2418
  183  2825  184
  36  37  2824
  134  2822  135
  85  86  2823
  1229  2916  2247
  623  1769  2731
  1563  3159  2055
  1564  3160  2056
  809  2507  2136
  919  2640  1823
  921  2641  1825
  206  3327  2574
  1352  2574  3327
  358  3225  2209
  370  1708  3249
  1026  2948  2149
  262  2276  2323
  175  2952  176
  28  29  2951
  126  2949  127
  77  78  2950
  1157  2520  2107
  204  2107  2520
  1390  3114  1767
  316  3047  1710
  1313  1977  2756
  382  2053  2615
  383  2054  2616
  839  2674  2562
  1112  2562  2674
  600  2787  1762
  601  2788  1763
  590  1761  2958
  888  2958  1761
  1127  2394  2722
  1186  2863  3334
  1148  2816  3022
  382  2164  2490
  912  2490  2164
  978  2939  2483
  829  2982  2265
  904  2212  2402
  264  2402  2212
  244  2643  1840
  1262  1821  2740
  460  1874  2920
  940  3057  2889
  801  1915  2572
  939  2026  2885
  765  2358  2071
  766  2072  2359
  767  2073  2360
  768  2361  2074
  737  1805  2709
  852  1810  2804
  243  2804  1810
  371  3320  1729
  1483  2829  1820
  725  2484  2120
  750  1759  2863
  810  2738  1855
  811  2739  1856
  1032  2298  2223
  1103  2275  2684
  868  2762  1787
  869  2763  1788
  614  3370  1706
  906  3350  1712
  475  2429  3384
  905  1711  3207
  910  2112  2354
  911  2113  2355
  364  2986  1789
  366  2987  1790
  622  2759  1796
  624  2760  1798
  655  2681  1833
  759  2576  1887
  760  1888  2577
  761  1889  2578
  762  2579  1890
  748  3205  3371
  380  2417  2288
  786  3284  2125
  1929  2866  3144
  846  3115  2274
  1169  2686  1837
  1170  2687  1838
  1211  2245  3025
  1214  2246  3028
  459  2206  2369
  787  2041  3165
  791  2043  3166
  435  1892  2715
  319  1712  3350
  402  2419  2021
  621  1806  2785
  463  2273  3045
  836  2493  2444
  851  1832  2729
  831  1800  3302
  376  2493  2235
  259  2008  3266
  734  1981  3228
  224  2572  1915
  1100  3309  2669
  1101  3310  2670
  928  1723  3294
  931  1725  3295
  930  3390  1724
  1005  2107  2881
  204  2881  2107
  840  2323  2276
  1173  1883  2665
  1174  1884  2666
  439  2895  1783
  440  1786  2896
  441  1784  2893
  442  2894  1785
  584  3294  1723
  587  3295  1725
  1285  3306  2513
  216  2513  3306
  586  1724  3390
  571  3329  3161
  1566  3161  3329
  771  1909  2601
  772  2602  1910
  773  2603  1911
  774  1912  2604
  829  2394  2982
  634  1774  3212
  635  1775  3213
  972  2322  2507
  240  2507  2322
  300  1762  3303
  301  1763  3304
  332  1855  2732
  333  1856  2733
  629  1855  2738
  630  1856  2739
  446  3261  3217
  447  3218  3262
  448  3263  3219
  1123  2891  3369
  992  1897  3170
  396  3170  1897
  967  2383  2898
  1122  3248  2668
  817  1862  3140
  839  2369  2206
  1241  2683  2155
  829  1900  2722
  446  2145  3261
  447  3262  2146
  448  2147  3263
  824  1981  2571
  816  2288  2417
  938  2057  2884
  376  2294  2493
  830  2521  2029
  936  2506  3029
  44  45  3101
  191  3102  192
  142  3103  143
  93  94  3104
  13  14  3105
  160  3106  161
  111  3107  112
  62  63  3108
  302  1820  2829
  1009  2781  2459
  1181  2502  2782
  220  1995  2512
  1057  2450  2370
  1058  2371  2451
  1059  2372  2452
  1060  2453  2373
  818  1948  2773
  819  1949  2774
  1057  2910  2450
  1058  2451  2911
  1059  2452  2912
  1060  2913  2453
  799  2830  2169
  837  1850  3098
  210  1828  2864
  39  40  3181
  137  3182  138
  186  3183  187
  88  89  3184
  103  3407  1743
  54  1744  3408
  5  1743  3407
  53  3408  1744
  151  1745  3409
  102  3410  1746
  152  3409  1745
  200  1746  3410
  816  3022  2237
  203  1967  2747
  852  3195  1809
  1147  2172  3047
  812  2715  1892
  850  2716  1892
  846  2429  3115
  825  2730  1961
  352  1751  3315
  355  1752  3316
  396  1850  2828
  406  2566  1976
  1095  2981  1807
  320  2722  1900
  204  3081  2881
  210  2099  2559
  211  2560  2100
  212  2101  2561
  600  1811  3048
  601  1812  3049
  206  3050  1801
  132  3381  133
  83  84  3380
  34  35  3379
  181  3378  182
  739  2791  1879
  419  2571  1981
  1  3408  53
  2  5  3407
  3  200  3410
  4  3409  152
  3  3410  102
  4  151  3409
  2  3407  103
  1  54  3408
  116  3398  117
  18  19  3396
  67  68  3399
  165  3397  166
  1063  2254  2386
  570  2386  2254
  392  2029  2521
  934  3281  1794
  815  2936  2065
  924  1931  3154
  925  1932  3155
  247  2870  2040
  1206  3215  3351
  424  1829  2953
  425  2954  1830
  426  1831  2955
  423  1770  3252
  424  3253  1771
  425  1772  3254
  426  3255  1773
  445  2296  3085
  1122  2668  3037
  1154  2250  3321
  291  3321  2250
  741  3204  1782
  284  2432  2518
  1073  2518  2432
  261  3349  2353
  362  2644  1972
  363  1974  2645
  758  2565  2016
  1046  3311  2404
  646  1895  2792
  28  2951  1901
  175  1902  2952
  126  1903  2949
  77  2950  1904
  375  2381  2821
  1029  3248  2243
  322  2424  3205
  1186  3205  2424
  218  3152  1811
  221  3153  1812
  642  3057  1906
  940  1906  3057
  991  3081  2835
  1241  2784  3356
  600  3048  1841
  601  3049  1842
  1128  2715  2642
  812  2642  2715
  258  2679  1965
  260  2680  1966
  1010  2186  3344
  1011  2185  3345
  986  2512  2280
  240  2136  2507
  816  2363  3022
  1213  2553  3193
  479  3193  2553
  960  2522  3133
  962  3135  2524
  961  2523  3134
  964  3137  2525
  353  1999  3053
  354  2000  3054
  999  2493  2294
  229  1960  3346
  899  2589  2025
  393  2563  2459
  1009  2459  2563
  345  1809  3195
  393  3302  1800
  985  2327  2609
  272  2609  2327
  1146  2936  2362
  942  1841  3048
  943  1842  3049
  468  2003  2883
  938  2883  2003
  1076  1908  2820
  235  3357  2076
  395  2213  2472
  430  3224  2698
  850  2020  2623
  1042  2985  2378
  884  2463  2801
  885  2800  2462
  886  2802  2465
  887  2464  2803
  1446  3117  3275
  274  3275  3117
  1447  3276  3119
  275  3119  3276
  1448  3121  3277
  277  3277  3121
  280  3122  3278
  1449  3278  3122
  865  3401  2509
  217  1961  2730
  995  2395  2943
  996  2944  2396
  993  2941  2398
  994  2397  2942
  1155  2971  2075
  1227  2743  3038
  543  3038  2743
  984  3164  1827
  1106  2615  2053
  1107  2616  2054
  269  3022  2816
  829  2888  1900
  1026  2509  2466
  506  2466  2509
  271  2786  2202
  396  3098  1850
  1067  2068  3367
  1068  2069  3368
  261  2511  3349
  865  2574  3401
  915  3021  3080
  1333  3080  3021
  836  2235  2493
  1177  2156  3110
  1178  3111  2157
  1179  2158  3112
  252  3141  2058
  330  2264  2598
  930  2598  2264
  942  3152  2187
  943  3153  2188
  429  2109  3222
  428  3223  2108
  395  3140  1862
  899  2935  2589
  318  2866  1929
  846  2085  2900
  968  3243  1852
  228  1852  3243
  1149  2429  2900
  867  2717  1996
  869  1997  2718
  225  2756  1977
  764  2035  2675
  1895  3350  2792
  817  3141  2162
  397  3322  1905
  1005  1905  3322
  1459  3279  3174
  631  3174  3279
  349  1945  3171
  351  3172  1947
  889  2865  1957
  377  1957  2865
  776  3186  2203
  777  2204  3187
  778  3188  2205
  1065  3095  1881
  1066  3096  1882
  291  2772  2404
  1046  2404  2772
  1124  2921  3085
  861  2151  2933
  864  2934  2153
  1227  3038  2314
  1052  2314  3038
  867  1996  2841
  799  2449  2830
  258  1965  2995
  260  1966  2996
  1254  3313  3307
  436  2460  2841
  294  1881  3154
  296  1882  3155
  1292  2765  2005
  1293  2006  2766
  1294  2767  2007
  407  2234  2551
  450  2450  2910
  451  2911  2451
  452  2912  2452
  453  2453  2913
  949  2126  3235
  825  1961  3042
  802  2370  2450
  803  2451  2371
  804  2452  2372
  805  2373  2453
  476  3037  2668
  900  2720  2364
  901  2721  2365
  866  3245  2388
  852  2003  3234
  911  2355  2890
  571  3161  3029
  810  1934  2995
  811  1935  2996
  660  2835  1979
  481  2993  2350
  1070  2350  2993
  825  3042  1968
  252  2162  3141
  380  2288  2545
  1153  3355  2411
  852  2804  2003
  1111  2422  2743
  543  2743  2422
  1031  3222  2109
  1030  2108  3223
  1254  3307  2143
  985  3037  2382
  1249  2994  2384
  482  3280  2351
  1384  2513  2748
  216  2748  2513
  446  2842  2145
  955  2145  2842
  447  2146  2843
  956  2843  2146
  448  2844  2147
  957  2147  2844
  449  2148  2845
  958  2845  2148
  436  2841  1996
  498  3257  3314
  474  2902  2172
  1806  3247  2785
  815  2362  2936
  236  1936  3052
  889  2799  2122
  322  3205  1898
  979  3041  2200
  1592  2174  3336
  827  3044  2289
  1001  3033  2180
  248  2180  3033
  1003  3035  2181
  249  2181  3035
  1002  2182  3034
  250  3034  2182
  1004  2183  3036
  251  3036  2183
  1295  2768  3190
  642  1943  3057
  652  2053  3335
  462  2723  2144
  259  3266  2575
  418  2447  3041
  505  3326  1893
  1420  2161  3150
  238  3069  1954
  239  1955  3070
  241  3071  1956
  561  3393  2150
  565  2152  3392
  486  3001  2271
  1016  2271  3001
  824  3228  1981
  253  2869  2027
  1175  2591  2590
  818  2590  2591
  1176  2593  2592
  819  2592  2593
  903  2430  3189
  267  2169  2830
  373  2761  2149
  201  2938  2313
  1019  2313  2938
  858  3171  1945
  862  1947  3172
  1638  2850  2677
  209  2482  2614
  662  3009  1984
  663  1986  3010
  664  3011  1988
  665  1990  3012
  483  2268  3014
  1013  3014  2268
  484  3015  2269
  1014  2269  3015
  485  2270  3016
  1015  3016  2270
  1033  2224  2698
  902  2914  2200
  903  2915  2201
  1043  2749  2569
  1044  2750  2570
  215  2122  2799
  1255  3257  2786
  1291  2300  3002
  660  3317  2009
  299  3088  2689
  298  2248  2708
  1270  2468  3312
  1148  3022  2363
  1078  2477  2925
  222  2925  2477
  335  2203  3186
  336  3187  2204
  337  2205  3188
  449  2411  3355
  1132  2909  2719
  990  2719  2909
  1201  2959  2842
  955  2842  2959
  956  2960  2843
  1202  2843  2960
  957  2844  2961
  1203  2961  2844
  958  2962  2845
  1204  2845  2962
  1009  3257  2781
  1158  3081  2714
  734  3228  2673
  987  2906  2807
  988  2808  2907
  989  2908  2809
  809  2136  2988
  908  1922  3340
  909  1923  3341
  973  3009  2078
  662  2078  3009
  974  2079  3010
  663  3010  2079
  975  3011  2080
  664  2080  3011
  976  2081  3012
  665  3012  2081
  912  2164  2789
  914  2790  2165
  985  2609  3037
  914  2708  2248
  827  2289  2682
  845  2172  2902
  992  3346  1960
  1096  2144  3227
  1212  3149  2137
  268  2065  2936
  317  2900  2085
  605  1934  3330
  606  1935  3331
  928  2494  2770
  931  2495  2771
  352  3073  1998
  355  3074  2001
  466  3023  2526
  644  3084  1994
  848  1963  3212
  849  1964  3213
  652  2175  2903
  1218  2903  2175
  677  2082  3169
  967  2898  3032
  1217  3032  2898
  1009  2202  2786
  673  2002  3090
  905  2240  3142
  906  2241  3143
  404  3067  2009
  1182  3252  2390
  1183  2391  3253
  1184  3254  2392
  1185  2393  3255
  1193  1930  3404
  1146  2362  3383
  474  3383  2362
  1148  2363  3384
  475  3384  2363
  846  2940  2085
  895  3247  2015
  745  2948  2084
  1264  2351  3109
  903  2201  2805
  377  2865  2167
  933  3127  2021
  436  2240  3207
  495  2243  3248
  1129  2807  2906
  1130  2907  2808
  1131  2809  2908
  1084  2598  2727
  1085  2599  2726
  483  2906  2268
  987  2268  2906
  484  2269  2907
  988  2907  2269
  485  2908  2270
  989  2270  2908
  990  2909  2271
  486  2271  2909
  846  2900  2429
  737  2709  2920
  636  1958  3345
  637  1959  3344
  1001  3229  3286
  1002  3287  3230
  1003  3231  3288
  1004  3289  3232
  933  2055  3127
  1206  3351  2595
  783  3085  2296
  693  3005  2102
  694  2103  3006
  696  3007  2104
  698  2105  3008
  1570  2245  3091
  306  3091  2245
  1571  2246  3092
  309  3092  2246
  928  2770  2597
  931  2771  2600
  829  2722  2394
  826  2757  2290
  308  2289  3044
  235  2076  3046
  1024  2724  2387
  223  2387  2724
  827  2553  3044
  935  2614  2482
  1930  2431  3404
  1124  2436  3245
  374  3245  2436
  386  2228  2837
  388  2838  2229
  389  2230  2839
  391  2840  2231
  934  2056  3281
  220  3220  1995
  1083  2341  2989
  1084  2991  2343
  1085  2990  2342
  1086  2344  2992
  398  2251  2817
  399  2252  2818
  219  2377  3300
  1106  3300  2377
  714  2969  2184
  719  2916  2189
  1394  2281  3370
  487  3127  2055
  400  2364  2720
  401  2365  2721
  1185  2489  2693
  338  2693  2489
  959  2045  3132
  961  3134  2046
  960  3133  2049
  962  2050  3135
  963  3136  2047
  964  2048  3137
  965  2051  3138
  966  3139  2052
  468  3234  2003
  932  2189  2916
  572  3162  2426
  1094  2426  3162
  431  2298  3283
  455  2200  2914
  456  2201  2915
  469  2225  2886
  939  2886  2225
  1192  2055  3159
  1193  2056  3160
  940  2889  2225
  364  3165  2041
  366  3166  2043
  927  2184  2969
  677  3169  2199
  969  2166  3040
  708  3040  2166
  1687  3146  2890
  688  2985  3173
  1260  3173  2985
  531  2658  3366
  789  3266  2008
  1037  3388  2652
  1019  2938  2206
  1025  3354  2064
  420  2064  3354
  1012  2620  2725
  1034  2725  2620
  386  2219  3239
  388  3240  2220
  389  2221  3241
  391  3242  2222
  1294  2408  2997
  714  2232  2969
  995  3362  2395
  996  2396  3363
  994  3365  2397
  993  2398  3364
  286  2115  3318
  289  2116  3319
  434  2994  2280
  986  2280  2994
  1287  3332  2917
  1288  2918  3333
  1080  2442  3130
  473  3130  2442
  719  2247  2916
  1221  2274  3115
  907  3169  2082
  932  3250  2189
  904  2009  3317
  859  2928  2284
  863  2286  2930
  1080  3130  2125
  203  2747  2827
  1305  2827  2747
  991  2835  3067
  949  3235  2060
  972  3353  2322
  231  3347  2012
  232  3348  2013
  979  2749  3176
  1256  3330  2348
  1257  3331  2349
  1371  3321  2404
  291  2404  3321
  979  2619  3041
  488  3281  2056
  783  2436  3085
  940  2225  3259
  1102  3113  3004
  452  2990  2607
  450  2605  2989
  1085  2607  2990
  1083  2989  2605
  451  2991  2606
  1084  2606  2991
  453  2608  2992
  1086  2992  2608
  472  2790  3089
  1112  3351  3215
  321  3391  2016
  1205  2265  2982
  434  2935  2384
  269  2237  3022
  346  3043  2226
  210  2807  2479
  211  2480  2808
  212  2809  2481
  853  2821  2381
  982  3318  2115
  983  3319  2116
  662  3286  2078
  663  2079  3287
  664  3288  2080
  665  2081  3289
  436  3207  2460
  496  3307  3313
  938  2884  2883
  1187  2883  2884
  1188  2886  2885
  939  2885  2886
  338  2083  3296
  1155  3051  3148
  773  2209  3225
  807  2076  3357
  1150  3261  2099
  1151  2100  3262
  1152  3263  2101
  473  2442  3066
  942  2292  2967
  943  2293  2968
  968  2459  2781
  702  2313  3285
  743  2211  3114
  328  2770  2494
  331  2771  2495
  951  2127  3236
  952  3237  2128
  954  2129  3238
  1118  2897  3338
  402  3175  2179
  1186  2424  2863
  750  2863  2424
  1327  2776  3283
  1155  2487  3051
  746  2277  3185
  1186  3371  3205
  987  2807  2559
  988  2560  2808
  989  2809  2561
  173  2462  2800
  26  2801  2463
  75  2803  2464
  124  2465  2802
  1150  3217  3261
  1151  3262  3218
  1152  3219  3263
  271  2125  3284
  210  2559  2807
  211  2808  2560
  212  2561  2809
  470  2982  2394
  853  2782  2502
  841  2335  2963
  842  2964  2336
  843  2965  2337
  844  2338  2966
  929  2726  2599
  930  2727  2598
  982  2115  3324
  983  2116  3325
  1032  3283  2298
  1129  2479  2807
  1130  2808  2480
  1131  2481  2809
  1010  3089  2248
  1011  2249  3088
  1190  2830  2449
  979  2569  2749
  980  2570  2750
  303  3167  2483
  772  2208  3196
  1217  2143  3307
  769  3142  2240
  770  3143  2241
  653  3336  2174
  1325  3223  2702
  1326  2700  3222
  1328  3224  2701
  1286  3185  2226
  443  2461  2891
  1000  2891  2461
  1122  3037  2609
  236  2189  3250
  503  2555  2946
  1121  2946  2555
  1120  2947  2554
  504  2554  2947
  1105  3066  2324
  1083  2597  2770
  1086  2600  2771
  335  3186  2690
  336  2691  3187
  337  3188  2692
  434  2384  2994
  1219  2791  3220
  205  3338  2655
  905  3207  2240
  201  2674  2938
  987  3177  2268
  988  2269  3178
  989  3179  2270
  990  2271  3180
  552  2672  2905
  1127  2905  2672
  434  2589  2935
  857  2150  3393
  860  3392  2152
  308  3403  2289
  1074  2289  3403
  1248  2836  3020
  413  2997  2408
  469  3259  2225
  1217  2898  2826
  392  2826  2898
  1406  2901  2699
  444  2699  2901
  1601  3151  2663
  473  2546  3130
  476  2382  3037
  845  2902  2671
  930  2264  3390
  995  2856  3362
  996  3363  2857
  993  3364  2852
  994  2853  3365
  501  2474  3256
  1091  3256  2474
  1553  3250  2667
  917  3084  2389
  1019  3285  2313
  450  2989  2450
  452  2452  2990
  451  2451  2991
  453  2992  2453
  270  2685  3358
  1191  3358  2685
  999  3068  2444
  1102  2819  3113
  420  3354  2199
  1123  3369  2501
  269  2501  3369
  993  2852  2851
  994  2854  2853
  1113  2851  2852
  1114  2853  2854
  1115  2856  2855
  995  2855  2856
  996  2857  2858
  1116  2858  2857
  936  3029  2425
  937  2426  3030
  1218  3300  2903
  1106  2903  3300
  1219  3301  2904
  1107  2904  3301
  726  3372  2202
  439  2585  2895
  440  2896  2588
  441  2893  2586
  442  2587  2894
  1628  2928  2927
  859  2927  2928
  1630  2929  2930
  863  2930  2929
  1076  2820  2829
  302  2829  2820
  411  3024  3260
  1318  3260  3024
  295  2368  3176
  997  2292  3342
  998  2293  3343
  1254  3358  2573
  1048  3191  3025
  1211  3025  3191
  1049  3026  3192
  1212  3192  3026
  1213  3193  3027
  1050  3027  3193
  1051  3194  3028
  1214  3028  3194
  947  3264  2282
  950  3265  2283
  421  2677  2850
  1047  2905  3031
  1127  3031  2905
  1559  2586  2893
  1561  2895  2585
  1560  2894  2587
  1562  2588  2896
  1077  2418  3306
  216  3306  2418
  1097  3148  3051
  1053  2305  3373
  1054  3374  2306
  1055  2307  3375
  1056  3376  2308
  269  3369  2237
  1074  3258  2467
  438  2444  3068
  1226  3176  2368
  472  3021  2790
  1452  2575  3266
  1124  3085  2436
  558  2467  3258
  552  3051  2487
  1220  2671  2902
  475  3115  2429
  1075  3395  2488
  371  2623  3320
  419  3339  2314
  1082  3004  3113
  1033  2698  3224
  856  2351  3280
  1260  2985  3305
  315  2775  2892
  1070  2892  2775
  1424  3323  3322
  1005  3322  3323
  559  3342  2292
  560  3343  2293
  1117  2655  3338
  1213  3044  2553
  501  3256  3400
  1372  3400  3256
  1711  2460  3207
  1218  2920  2709
  231  2371  3347
  1058  3347  2371
  232  2372  3348
  1059  3348  2372
  253  3189  2430
  780  2322  3353
  773  3225  2526
  374  2388  3245
  932  2667  3250
  418  3041  2619
  992  3170  2474
  947  3117  3116
  1446  3116  3117
  948  3118  3119
  1447  3119  3118
  950  3121  3120
  1448  3120  3121
  953  3123  3122
  1449  3122  3123
  1103  2892  2993
  978  2483  3167
  1046  3260  3311
  1318  3311  3260
  1459  2688  3353
  780  3353  2688
  1045  3387  2653
  454  2971  3148
  1155  3148  2971
  835  2353  3349
  1149  3077  3384
  1147  3076  3383
  473  3066  2882
  1105  2882  3066
  488  3404  2431
  496  3032  3307
  1217  3307  3032
  370  3249  2717
  1120  3072  2947
  1096  2947  3072
  1095  2946  3075
  1121  3075  2946
  928  3294  2494
  931  3295  2495
  1042  2508  3305
  1591  2490  3329
  424  2953  3253
  1183  3253  2953
  425  3254  2954
  1184  2954  3254
  426  2955  3255
  1185  3255  2955
  269  3227  2501
  973  3275  3009
  974  3010  3276
  975  3277  3011
  976  3012  3278
  365  3282  2580
  1229  2526  3225
  1762  2787  3303
  1763  2788  3304
  444  3100  3157
  1189  3157  3100
  991  2714  3081
  1457  2395  3362
  1458  3363  2396
  1455  3364  2398
  1456  2397  3365
  970  3020  2836
  1070  2993  2892
  555  2488  3395
  432  2654  3216
  1076  3216  2654
  981  2663  3151
  1460  3055  3342
  1461  3056  3343
  895  2785  3247
  454  2875  3206
  1454  3349  2511
  202  3305  2508
  1207  3014  2998
  1208  2999  3015
  1209  3016  3000
  1210  3017  3001
  1112  2674  3351
  201  3351  2674
  477  2851  3200
  1113  3200  2851
  480  2858  3201
  1116  3201  2858
  295  3176  2749
  905  3144  2866
  1026  2466  3382
  1013  2998  3014
  1014  3015  2999
  1015  3000  3016
  1016  3001  3017
  1182  2690  3186
  1183  3187  2691
  1184  2692  3188
  1053  3373  2610
  1054  2611  3374
  1055  3375  2612
  1056  2613  3376
  1352  3401  2574
  858  2926  3171
  1629  3171  2926
  862  3172  2931
  1631  2931  3172
  1029  3377  2668
  906  2792  3350
  1180  2580  3282
  616  3113  2819
  1417  2673  3228
  489  3373  3271
  490  3272  3374
  491  3375  3273
  492  3274  3376
  1029  2668  3248
  429  3222  2700
  428  2702  3223
  430  2701  3224
  463  2981  3075
  1095  3075  2981
  506  2509  3401
  981  3190  2768
  476  2668  3377
  605  3214  3159
  1192  3159  3214
  911  2890  3146
  1129  2906  3290
  483  3290  2906
  1130  3291  2907
  484  2907  3291
  485  3292  2908
  1131  2908  3292
  1132  3293  2909
  486  2909  3293
  1191  2573  3358
  1096  3227  2816
  269  2816  3227
  1067  2669  3309
  1068  2670  3310
  201  2595  3351
  495  2728  3385
  220  2810  3301
  1107  3301  2810
  220  3301  3220
  1219  3220  3301
  1811  3152  3048
  1812  3153  3049
  489  2610  3373
  490  3374  2611
  491  2612  3375
  492  3376  2613
  856  3280  2769
  1511  3206  2875
  498  2781  3257
  1009  2786  3257
  1269  2769  3280
  946  3366  2658
  431  3283  2776
  1115  2855  3308
  479  3308  2855
  942  3048  3152
  943  3049  3153
  1017  3303  2787
  1018  3304  2788
  807  3357  2764
  133  3381  2754
  84  2755  3380
  35  2753  3379
  182  3378  2752
  1228  3371  3334
  1042  3305  2985
  1238  3218  3360
  447  3360  3218
  1239  3361  3219
  448  3219  3361
  1412  3395  3246
  419  2805  3339
  536  2852  3364
  537  3365  2853
  538  3362  2856
  539  2857  3363
  476  3377  2876
  1077  3385  2728
  1421  3258  3403
  1610  2764  3357
  1026  3382  2948
  1036  3356  2784
  997  3342  3055
  998  3343  3056
  1285  3385  3306
  1077  3306  3385
  1228  3334  3068
  1035  2917  3332
  1037  3333  2918
  1117  3338  2897
  1186  3334  3371
  1517  2876  3377
  982  3202  3318
  983  3203  3319
  438  3068  3334
  1146  3383  3076
  1148  3384  3077
  1689  3318  3202
  1691  3319  3203
  1075  3246  3395
  1074  3403  3258
